<?xml version="1.0" encoding="utf-8"?><style xml:lang="en"><info><name>IEEE</name><description>Institute of Electrical and Electronics Engineers (IEEE)</description><language>English</language><osbibVersion>2.0</osbibVersion></info><citation><creatorStyle>3</creatorStyle><creatorOtherStyle>3</creatorOtherStyle><creatorInitials>0</creatorInitials><creatorFirstName>1</creatorFirstName><twoCreatorsSep> and </twoCreatorsSep><creatorSepFirstBetween>, </creatorSepFirstBetween><creatorListSubsequentAbbreviation>, et al.</creatorListSubsequentAbbreviation><creatorSepNextBetween>, </creatorSepNextBetween><creatorSepNextLast> and </creatorSepNextLast><creatorList>1</creatorList><creatorListMore>3</creatorListMore><creatorListLimit>1</creatorListLimit><creatorListAbbreviation>, et al.</creatorListAbbreviation><creatorListSubsequent>1</creatorListSubsequent><creatorListSubsequentMore>3</creatorListSubsequentMore><creatorListSubsequentLimit>1</creatorListSubsequentLimit><consecutiveCreator>0</consecutiveCreator><consecutiveCreatorSep></consecutiveCreatorSep><template>[ID]</template><consecutiveCitationSep>, </consecutiveCitationSep><yearFormat>0</yearFormat><pageFormat>2</pageFormat><ibid>Ibid.</ibid><idem>Ibid.</idem><opCit></opCit><ambiguousNameFormat>0</ambiguousNameFormat><ambiguousYearFormat>0</ambiguousYearFormat><footnotePagePosition>1</footnotePagePosition><footnotePageTemplate>, pp. pages</footnotePageTemplate><footnoteStyle>0</footnoteStyle></citation><bibliography><common><titleCapitalization>0</titleCapitalization><primaryCreatorFirstStyle>0</primaryCreatorFirstStyle><primaryCreatorOtherStyle>0</primaryCreatorOtherStyle><primaryCreatorInitials>0</primaryCreatorInitials><primaryCreatorFirstName>1</primaryCreatorFirstName><otherCreatorFirstStyle>1</otherCreatorFirstStyle><otherCreatorOtherStyle>1</otherCreatorOtherStyle><otherCreatorInitials>0</otherCreatorInitials><dayFormat>0</dayFormat><otherCreatorFirstName>1</otherCreatorFirstName><primaryCreatorList>0</primaryCreatorList><otherCreatorList>0</otherCreatorList><monthFormat>2</monthFormat><editionFormat>1</editionFormat><primaryCreatorListMore></primaryCreatorListMore><primaryCreatorListLimit></primaryCreatorListLimit><dateFormat>1</dateFormat><primaryCreatorListAbbreviation></primaryCreatorListAbbreviation><otherCreatorListMore></otherCreatorListMore><runningTimeFormat>0</runningTimeFormat><primaryCreatorRepeatString></primaryCreatorRepeatString><primaryCreatorRepeat>0</primaryCreatorRepeat><otherCreatorListLimit></otherCreatorListLimit><otherCreatorListAbbreviation></otherCreatorListAbbreviation><pageFormat>2</pageFormat><editorSwitch>0</editorSwitch><editorSwitchIfYes></editorSwitchIfYes><primaryCreatorSepFirstBetween>, </primaryCreatorSepFirstBetween><primaryCreatorSepNextBetween>, </primaryCreatorSepNextBetween><primaryCreatorSepNextLast>, and </primaryCreatorSepNextLast><otherCreatorSepFirstBetween>, </otherCreatorSepFirstBetween><otherCreatorSepNextBetween>, </otherCreatorSepNextBetween><otherCreatorSepNextLast>, and </otherCreatorSepNextLast><primaryTwoCreatorsSep> and </primaryTwoCreatorsSep><otherTwoCreatorsSep> and </otherTwoCreatorsSep><userMonth_1>Jan.</userMonth_1><userMonth_2>Feb.</userMonth_2><userMonth_3>Mar.</userMonth_3><userMonth_4>Apr.</userMonth_4><userMonth_5>May</userMonth_5><userMonth_6>June</userMonth_6><userMonth_7>July</userMonth_7><userMonth_8>Aug.</userMonth_8><userMonth_9>Sept.</userMonth_9><userMonth_10>Oct.</userMonth_10><userMonth_11>Nov.</userMonth_11><userMonth_12>Dec.</userMonth_12><dateRangeDelimit1>-</dateRangeDelimit1><dateRangeDelimit2>/</dateRangeDelimit2><dateRangeSameMonth>1</dateRangeSameMonth></common><resource name="genericBook"><creator><dependentPre></dependentPre><dependentPreAlternative></dependentPreAlternative><dependentPostAlternative></dependentPostAlternative><singular></singular><plural></plural><pre></pre><post>, </post></creator><title><dependentPre></dependentPre><dependentPreAlternative></dependentPreAlternative><dependentPostAlternative></dependentPostAlternative><singular></singular><plural></plural><pre>[i]</pre><post>[/i]</post></title><publisherLocation><dependentPre></dependentPre><dependentPreAlternative></dependentPreAlternative><dependentPostAlternative></dependentPostAlternative><singular></singular><plural></plural><pre></pre><post>: </post></publisherLocation><publisherName><dependentPre></dependentPre><dependentPreAlternative></dependentPreAlternative><dependentPostAlternative></dependentPostAlternative><singular></singular><plural></plural><pre></pre><post></post></publisherName><publicationYear><dependentPre></dependentPre><dependentPreAlternative></dependentPreAlternative><dependentPostAlternative></dependentPostAlternative><singular></singular><plural></plural><pre>, </pre><post></post></publicationYear><ultimate>.</ultimate></resource><resource name="genericArticle"><creator><dependentPre></dependentPre><dependentPreAlternative></dependentPreAlternative><dependentPostAlternative></dependentPostAlternative><singular></singular><plural></plural><pre></pre><post>, </post></creator><title><dependentPre></dependentPre><dependentPreAlternative></dependentPreAlternative><dependentPostAlternative></dependentPostAlternative><singular></singular><plural></plural><pre>&quot;</pre><post></post></title><collection><dependentPre></dependentPre><dependentPreAlternative></dependentPreAlternative><dependentPostAlternative></dependentPostAlternative><singular></singular><plural></plural><pre>in [i]</pre><post>[/i]</post></collection><editor><dependentPre>, </dependentPre><dependentPost>., </dependentPost><dependentPreAlternative></dependentPreAlternative><dependentPostAlternative></dependentPostAlternative><singular>Ed</singular><plural>Eds</plural><pre>__DEPENDENT_ON_PREVIOUS_FIELD__</pre><post>, __SINGULAR_PLURAL____DEPENDENT_ON_NEXT_FIELD__</post></editor><publisherLocation><dependentPre>, </dependentPre><dependentPreAlternative></dependentPreAlternative><dependentPostAlternative></dependentPostAlternative><singular></singular><plural></plural><pre>__DEPENDENT_ON_PREVIOUS_FIELD__</pre><post>: </post></publisherLocation><publisherName><dependentPre></dependentPre><dependentPreAlternative></dependentPreAlternative><dependentPostAlternative></dependentPostAlternative><singular></singular><plural></plural><pre></pre><post>, </post></publisherName><publicationYear><dependentPre></dependentPre><dependentPreAlternative></dependentPreAlternative><dependentPostAlternative></dependentPostAlternative><singular></singular><plural></plural><pre></pre><post>, </post></publicationYear><pages><dependentPre></dependentPre><dependentPreAlternative></dependentPreAlternative><dependentPostAlternative></dependentPostAlternative><singular></singular><plural></plural><pre>pp. </pre><post></post></pages><ultimate>.</ultimate><independent><independent_2>%,&quot; %.&quot; %</independent_2><independent_3>%. %</independent_3></independent></resource><resource name="genericMisc"><creator><dependentPre></dependentPre><dependentPreAlternative></dependentPreAlternative><dependentPostAlternative></dependentPostAlternative><singular></singular><plural></plural><pre></pre><post>, </post></creator><title><dependentPre></dependentPre><dependentPreAlternative></dependentPreAlternative><dependentPostAlternative></dependentPostAlternative><singular></singular><plural></plural><pre>[i]</pre><post>[/i]</post></title><type><dependentPre></dependentPre><dependentPreAlternative></dependentPreAlternative><dependentPostAlternative></dependentPostAlternative><singular></singular><plural></plural><pre>, </pre><post>, </post></type><publisherLocation><dependentPre></dependentPre><dependentPreAlternative></dependentPreAlternative><dependentPostAlternative></dependentPostAlternative><singular></singular><plural></plural><pre></pre><post>: </post></publisherLocation><publisherName><dependentPre></dependentPre><dependentPreAlternative></dependentPreAlternative><dependentPostAlternative></dependentPostAlternative><singular></singular><plural></plural><pre></pre><post></post></publisherName><publicationYear><dependentPre></dependentPre><dependentPreAlternative></dependentPreAlternative><dependentPostAlternative></dependentPostAlternative><singular></singular><plural></plural><pre>, </pre><post></post></publicationYear><ultimate>.</ultimate></resource><resource name="book"><author><dependentPre></dependentPre><dependentPreAlternative></dependentPreAlternative><dependentPostAlternative></dependentPostAlternative><singular></singular><plural></plural><pre></pre><post>, </post></author><title><dependentPre></dependentPre><dependentPreAlternative></dependentPreAlternative><dependentPostAlternative></dependentPostAlternative><singular></singular><plural></plural><pre>[i]</pre><post>[/i]</post></title><edition><dependentPre></dependentPre><dependentPreAlternative></dependentPreAlternative><dependentPostAlternative></dependentPostAlternative><singular></singular><plural></plural><pre>, </pre><post> ed.</post></edition><editor><dependentPre></dependentPre><dependentPreAlternative></dependentPreAlternative><dependentPostAlternative></dependentPostAlternative><singular>Ed</singular><plural>Eds</plural><pre>, </pre><post>, __SINGULAR_PLURAL__.</post></editor><publisherLocation><dependentPre></dependentPre><dependentPreAlternative></dependentPreAlternative><dependentPostAlternative></dependentPostAlternative><singular></singular><plural></plural><pre></pre><post>: </post></publisherLocation><publisherName><dependentPre></dependentPre><dependentPreAlternative></dependentPreAlternative><dependentPostAlternative></dependentPostAlternative><singular></singular><plural></plural><pre></pre><post></post></publisherName><publicationYear><dependentPre></dependentPre><dependentPreAlternative></dependentPreAlternative><dependentPostAlternative></dependentPostAlternative><singular></singular><plural></plural><pre>, </pre><post></post></publicationYear><volumeNumber><dependentPre></dependentPre><dependentPreAlternative></dependentPreAlternative><dependentPostAlternative></dependentPostAlternative><singular></singular><plural></plural><pre>, vol. </pre><post></post></volumeNumber><independent><independent_4>, </independent_4><independent_7>.</independent_7></independent></resource><resource name="book_article"><author><dependentPre></dependentPre><dependentPreAlternative></dependentPreAlternative><dependentPostAlternative></dependentPostAlternative><singular></singular><plural></plural><pre></pre><post>, </post></author><title><dependentPre></dependentPre><dependentPreAlternative></dependentPreAlternative><dependentPostAlternative></dependentPostAlternative><singular></singular><plural></plural><pre>&quot;</pre><post></post></title><book><dependentPre></dependentPre><dependentPreAlternative></dependentPreAlternative><dependentPostAlternative></dependentPostAlternative><singular></singular><plural></plural><pre>in [i]</pre><post>[/i]</post></book><edition><dependentPre></dependentPre><dependentPreAlternative></dependentPreAlternative><dependentPostAlternative></dependentPostAlternative><singular></singular><plural></plural><pre>, </pre><post> ed.</post></edition><editor><dependentPre></dependentPre><dependentPreAlternative></dependentPreAlternative><dependentPostAlternative></dependentPostAlternative><singular>Ed</singular><plural>Eds</plural><pre>, </pre><post>, __SINGULAR_PLURAL__.</post></editor><publisherLocation><dependentPre></dependentPre><dependentPreAlternative></dependentPreAlternative><dependentPostAlternative></dependentPostAlternative><singular></singular><plural></plural><pre></pre><post>: </post></publisherLocation><publisherName><dependentPre></dependentPre><dependentPreAlternative></dependentPreAlternative><dependentPostAlternative></dependentPostAlternative><singular></singular><plural></plural><pre></pre><post></post></publisherName><publicationYear><dependentPre></dependentPre><dependentPreAlternative></dependentPreAlternative><dependentPostAlternative></dependentPostAlternative><singular></singular><plural></plural><pre>, </pre><post></post></publicationYear><volumeNumber><dependentPre></dependentPre><dependentPreAlternative></dependentPreAlternative><dependentPostAlternative></dependentPostAlternative><singular></singular><plural></plural><pre>, vol. </pre><post></post></volumeNumber><pages><dependentPre></dependentPre><dependentPreAlternative></dependentPreAlternative><dependentPostAlternative></dependentPostAlternative><singular>p. </singular><plural>pp. </plural><pre>, __SINGULAR_PLURAL__</pre><post></post></pages><ultimate>.</ultimate><independent><independent_2>%,&quot; %.&quot; %</independent_2><independent_4>, </independent_4></independent></resource><resource name="journal_article"><author><dependentPre></dependentPre><dependentPreAlternative></dependentPreAlternative><dependentPostAlternative></dependentPostAlternative><singular></singular><plural></plural><pre></pre><post>, </post></author><title><dependentPre></dependentPre><dependentPreAlternative></dependentPreAlternative><dependentPostAlternative></dependentPostAlternative><singular></singular><plural></plural><pre>&quot;</pre><post></post></title><journal><dependentPre></dependentPre><dependentPreAlternative></dependentPreAlternative><dependentPostAlternative></dependentPostAlternative><singular></singular><plural></plural><pre>[i]</pre><post>[/i]</post></journal><volume><dependentPre></dependentPre><dependentPreAlternative></dependentPreAlternative><dependentPostAlternative></dependentPostAlternative><singular></singular><plural></plural><pre>, vol. </pre><post></post></volume><issue><dependentPre></dependentPre><dependentPreAlternative></dependentPreAlternative><dependentPostAlternative></dependentPostAlternative><singular></singular><plural></plural><pre>, iss. </pre><post></post></issue><pages><dependentPre></dependentPre><dependentPreAlternative></dependentPreAlternative><dependentPostAlternative></dependentPostAlternative><singular>p. </singular><plural>pp. </plural><pre>, __SINGULAR_PLURAL__</pre><post></post></pages><publicationYear><dependentPre></dependentPre><dependentPreAlternative></dependentPreAlternative><dependentPostAlternative></dependentPostAlternative><singular></singular><plural></plural><pre>, </pre><post></post></publicationYear><independent><independent_2>%,&quot; %.&quot; %</independent_2><independent_6>.</independent_6></independent></resource><resource name="newspaper_article"><fallbackstyle>genericArticle</fallbackstyle></resource><resource name="magazine_article"><author><dependentPre></dependentPre><dependentPreAlternative></dependentPreAlternative><dependentPostAlternative></dependentPostAlternative><singular></singular><plural></plural><pre></pre><post>, </post></author><title><dependentPre></dependentPre><dependentPreAlternative></dependentPreAlternative><dependentPostAlternative></dependentPostAlternative><singular></singular><plural></plural><pre>&quot;</pre><post></post></title><magazine><dependentPre></dependentPre><dependentPreAlternative></dependentPreAlternative><dependentPostAlternative></dependentPostAlternative><singular></singular><plural></plural><pre>[i]</pre><post>[/i]</post></magazine><edition><dependentPre></dependentPre><dependentPreAlternative></dependentPreAlternative><dependentPostAlternative></dependentPostAlternative><singular></singular><plural></plural><pre>, </pre><post> ed.</post></edition><volume><dependentPre></dependentPre><dependentPreAlternative></dependentPreAlternative><dependentPostAlternative></dependentPostAlternative><singular></singular><plural></plural><pre>, vol. </pre><post></post></volume><number><dependentPre></dependentPre><dependentPreAlternative></dependentPreAlternative><dependentPostAlternative></dependentPostAlternative><singular></singular><plural></plural><pre>, no. </pre><post></post></number><pages><dependentPre></dependentPre><dependentPreAlternative></dependentPreAlternative><dependentPostAlternative></dependentPostAlternative><singular>p. </singular><plural>pp. </plural><pre>, __SINGULAR_PLURAL__</pre><post></post></pages><issueDate><dependentPre></dependentPre><dependentPreAlternative></dependentPreAlternative><dependentPostAlternative></dependentPostAlternative><singular></singular><plural></plural><pre></pre><post> </post></issueDate><issueYear><dependentPre></dependentPre><dependentPreAlternative></dependentPreAlternative><dependentPostAlternative></dependentPostAlternative><singular></singular><plural></plural><pre></pre><post></post></issueYear><ultimate>.</ultimate><independent><independent_2>%,&quot; %.&quot; %</independent_2><independent_6>, </independent_6></independent></resource><resource name="proceedings"><fallbackstyle>genericBook</fallbackstyle></resource><resource name="conference_paper"><fallbackstyle>genericBook</fallbackstyle></resource><resource name="proceedings_article"><author><dependentPre></dependentPre><dependentPreAlternative></dependentPreAlternative><dependentPostAlternative></dependentPostAlternative><singular></singular><plural></plural><pre></pre><post>, </post></author><title><dependentPre></dependentPre><dependentPreAlternative></dependentPreAlternative><dependentPostAlternative></dependentPostAlternative><singular></singular><plural></plural><pre>&quot;</pre><post></post></title><conference><dependentPre></dependentPre><dependentPreAlternative></dependentPreAlternative><dependentPostAlternative></dependentPostAlternative><singular></singular><plural></plural><pre>in [i]Proc. </pre><post>[/i]</post></conference><conferenceLocation><dependentPre></dependentPre><dependentPreAlternative></dependentPreAlternative><dependentPostAlternative></dependentPostAlternative><singular></singular><plural></plural><pre>, </pre><post></post></conferenceLocation><conferenceDate><dependentPre></dependentPre><dependentPreAlternative></dependentPreAlternative><dependentPostAlternative></dependentPostAlternative><singular></singular><plural></plural><pre></pre><post></post></conferenceDate><conferenceYear><dependentPre></dependentPre><dependentPreAlternative></dependentPreAlternative><dependentPostAlternative></dependentPostAlternative><singular></singular><plural></plural><pre> </pre><post></post></conferenceYear><pages><dependentPre></dependentPre><dependentPreAlternative></dependentPreAlternative><dependentPostAlternative></dependentPostAlternative><singular>p. </singular><plural>pp. </plural><pre>, __SINGULAR_PLURAL__</pre><post></post></pages><ultimate>.</ultimate><independent><independent_2>%,&quot; %.&quot; %</independent_2><independent_3>, </independent_3></independent></resource><resource name="thesis"><author><dependentPre></dependentPre><dependentPreAlternative></dependentPreAlternative><dependentPostAlternative></dependentPostAlternative><singular></singular><plural></plural><pre></pre><post>, </post></author><title><dependentPre></dependentPre><dependentPreAlternative></dependentPreAlternative><dependentPostAlternative></dependentPostAlternative><singular></singular><plural></plural><pre>&quot;</pre><post>,&quot; </post></title><type><dependentPre></dependentPre><dependentPreAlternative></dependentPreAlternative><dependentPostAlternative></dependentPostAlternative><singular></singular><plural></plural><pre></pre><post> </post></type><label><dependentPre></dependentPre><dependentPreAlternative></dependentPreAlternative><dependentPostAlternative></dependentPostAlternative><singular></singular><plural></plural><pre></pre><post></post></label><institution><dependentPre></dependentPre><dependentPreAlternative></dependentPreAlternative><dependentPostAlternative></dependentPostAlternative><singular></singular><plural></plural><pre>, </pre><post></post></institution><institutionLocation><dependentPre></dependentPre><dependentPreAlternative></dependentPreAlternative><dependentPostAlternative></dependentPostAlternative><singular></singular><plural></plural><pre>, </pre><post></post></institutionLocation><awardYear><dependentPre></dependentPre><dependentPreAlternative></dependentPreAlternative><dependentPostAlternative></dependentPostAlternative><singular></singular><plural></plural><pre>, </pre><post></post></awardYear><ultimate>.</ultimate></resource><resource name="web_article"><author><dependentPre></dependentPre><dependentPreAlternative></dependentPreAlternative><dependentPostAlternative></dependentPostAlternative><singular></singular><plural></plural><pre></pre><post>. (</post></author><accessDate><dependentPre></dependentPre><dependentPreAlternative></dependentPreAlternative><dependentPostAlternative></dependentPostAlternative><singular></singular><plural></plural><pre></pre><post> </post></accessDate><accessYear><dependentPre></dependentPre><dependentPreAlternative></dependentPreAlternative><dependentPostAlternative></dependentPostAlternative><singular></singular><plural></plural><pre></pre><post></post></accessYear><title><dependentPre></dependentPre><dependentPreAlternative></dependentPreAlternative><dependentPostAlternative></dependentPostAlternative><singular></singular><plural></plural><pre>) </pre><post></post></title><URL><dependentPre></dependentPre><dependentPreAlternative></dependentPreAlternative><dependentPostAlternative></dependentPostAlternative><singular></singular><plural></plural><pre>. [Online]. Available: </pre><post></post></URL><ultimate></ultimate></resource><resource name="film"><fallbackstyle>genericBook</fallbackstyle></resource><resource name="broadcast"><fallbackstyle>genericBook</fallbackstyle></resource><resource name="music_album"><fallbackstyle>genericBook</fallbackstyle></resource><resource name="music_track"><fallbackstyle>genericArticle</fallbackstyle></resource><resource name="music_score"><fallbackstyle>genericBook</fallbackstyle></resource><resource name="artwork"><fallbackstyle>genericBook</fallbackstyle></resource><resource name="software"><fallbackstyle>genericBook</fallbackstyle></resource><resource name="audiovisual"><fallbackstyle>genericBook</fallbackstyle></resource><resource name="database"><fallbackstyle>genericBook</fallbackstyle></resource><resource name="government_report"><fallbackstyle>genericMisc</fallbackstyle></resource><resource name="report"><author><dependentPre></dependentPre><dependentPreAlternative></dependentPreAlternative><dependentPostAlternative></dependentPostAlternative><singular></singular><plural></plural><pre></pre><post>, </post></author><title><dependentPre></dependentPre><dependentPreAlternative></dependentPreAlternative><dependentPostAlternative></dependentPostAlternative><singular></singular><plural></plural><pre>&quot;</pre><post>,&quot; </post></title><institution><dependentPre></dependentPre><dependentPreAlternative></dependentPreAlternative><dependentPostAlternative></dependentPostAlternative><singular></singular><plural></plural><pre></pre><post></post></institution><institutionLocation><dependentPre></dependentPre><dependentPreAlternative></dependentPreAlternative><dependentPostAlternative></dependentPostAlternative><singular></singular><plural></plural><pre>, </pre><post></post></institutionLocation><type><dependentPre></dependentPre><dependentPreAlternative></dependentPreAlternative><dependentPostAlternative></dependentPostAlternative><singular></singular><plural></plural><pre></pre><post> </post></type><number><dependentPre></dependentPre><dependentPreAlternative></dependentPreAlternative><dependentPostAlternative></dependentPostAlternative><singular></singular><plural></plural><pre></pre><post></post></number><reportDate><dependentPre></dependentPre><dependentPreAlternative></dependentPreAlternative><dependentPostAlternative></dependentPostAlternative><singular></singular><plural></plural><pre></pre><post> </post></reportDate><reportYear><dependentPre></dependentPre><dependentPreAlternative></dependentPreAlternative><dependentPostAlternative></dependentPostAlternative><singular></singular><plural></plural><pre></pre><post></post></reportYear><ultimate>.</ultimate><independent><independent_4>, </independent_4><independent_5>, </independent_5></independent></resource><resource name="hearing"><fallbackstyle>genericMisc</fallbackstyle></resource><resource name="statute"><fallbackstyle>genericMisc</fallbackstyle></resource><resource name="legal_ruling"><fallbackstyle>genericMisc</fallbackstyle></resource><resource name="case"><fallbackstyle>genericMisc</fallbackstyle></resource><resource name="bill"><fallbackstyle>genericMisc</fallbackstyle></resource><resource name="patent"><fallbackstyle>genericMisc</fallbackstyle></resource><resource name="personal"><fallbackstyle>genericBook</fallbackstyle></resource><resource name="unpublished"><fallbackstyle>genericBook</fallbackstyle></resource><resource name="classical"><fallbackstyle>genericBook</fallbackstyle></resource><resource name="manuscript"><fallbackstyle>genericArticle</fallbackstyle></resource><resource name="map"><fallbackstyle>genericBook</fallbackstyle></resource><resource name="chart"><fallbackstyle>genericBook</fallbackstyle></resource><resource name="miscellaneous"><fallbackstyle>genericBook</fallbackstyle></resource></bibliography></style>