<?xml version="1.0" encoding="utf-8"?><style xml:lang="en"><info><name>TURABIAN</name><description>Turabian</description><language>English</language><osbibVersion>2.0</osbibVersion></info><citation><creatorStyle>3</creatorStyle><creatorOtherStyle>0</creatorOtherStyle><creatorInitials>0</creatorInitials><creatorFirstName>0</creatorFirstName><twoCreatorsSep> and </twoCreatorsSep><creatorSepFirstBetween>, </creatorSepFirstBetween><creatorListSubsequentAbbreviation> et al.</creatorListSubsequentAbbreviation><creatorSepNextBetween>, </creatorSepNextBetween><creatorSepNextLast>, and </creatorSepNextLast><creatorList>1</creatorList><creatorListMore>4</creatorListMore><creatorListLimit>1</creatorListLimit><creatorListAbbreviation> et al.</creatorListAbbreviation><creatorListSubsequent>1</creatorListSubsequent><creatorListSubsequentMore>4</creatorListSubsequentMore><creatorListSubsequentLimit>1</creatorListSubsequentLimit><consecutiveCreator>1</consecutiveCreator><consecutiveCreatorSep>, </consecutiveCreatorSep><template>(|creator|% %year|)</template><consecutiveCitationSep>; </consecutiveCitationSep><yearFormat>0</yearFormat><pageFormat>0</pageFormat><ambiguousTitle>on</ambiguousTitle><ambiguousYear>on</ambiguousYear><ibid>Ibid.</ibid><idem></idem><opCit></opCit><ambiguousNameFormat>0</ambiguousNameFormat><ambiguousYearFormat>1</ambiguousYearFormat><footnotePagePosition>0</footnotePagePosition><footnotePageTemplate></footnotePageTemplate><ibidPage>on</ibidPage><footnoteStyle>0</footnoteStyle></citation><bibliography><common><titleCapitalization>1</titleCapitalization><primaryCreatorFirstStyle>1</primaryCreatorFirstStyle><primaryCreatorOtherStyle>0</primaryCreatorOtherStyle><primaryCreatorInitials>1</primaryCreatorInitials><primaryCreatorFirstName>0</primaryCreatorFirstName><otherCreatorFirstStyle>0</otherCreatorFirstStyle><otherCreatorOtherStyle>0</otherCreatorOtherStyle><otherCreatorInitials>1</otherCreatorInitials><dayFormat>0</dayFormat><otherCreatorFirstName>0</otherCreatorFirstName><primaryCreatorList>0</primaryCreatorList><otherCreatorList>0</otherCreatorList><monthFormat>1</monthFormat><editionFormat>0</editionFormat><primaryCreatorListMore></primaryCreatorListMore><primaryCreatorListLimit></primaryCreatorListLimit><dateFormat>0</dateFormat><primaryCreatorListAbbreviation></primaryCreatorListAbbreviation><otherCreatorListMore></otherCreatorListMore><runningTimeFormat>0</runningTimeFormat><primaryCreatorRepeatString>________</primaryCreatorRepeatString><primaryCreatorRepeat>2</primaryCreatorRepeat><otherCreatorListLimit></otherCreatorListLimit><otherCreatorListAbbreviation></otherCreatorListAbbreviation><pageFormat>2</pageFormat><editorSwitch>1</editorSwitch><editorSwitchIfYes>editor, ^ed.^eds.^ </editorSwitchIfYes><primaryCreatorSepFirstBetween> and </primaryCreatorSepFirstBetween><primaryCreatorSepNextBetween>, </primaryCreatorSepNextBetween><primaryCreatorSepNextLast>, and </primaryCreatorSepNextLast><otherCreatorSepFirstBetween>, </otherCreatorSepFirstBetween><otherCreatorSepNextBetween>, </otherCreatorSepNextBetween><otherCreatorSepNextLast> and </otherCreatorSepNextLast><primaryTwoCreatorsSep> and </primaryTwoCreatorsSep><otherTwoCreatorsSep> and </otherTwoCreatorsSep><userMonth_1></userMonth_1><userMonth_2></userMonth_2><userMonth_3></userMonth_3><userMonth_4></userMonth_4><userMonth_5></userMonth_5><userMonth_6></userMonth_6><userMonth_7></userMonth_7><userMonth_8></userMonth_8><userMonth_9></userMonth_9><userMonth_10></userMonth_10><userMonth_11></userMonth_11><userMonth_12></userMonth_12><dateRangeDelimit1>-</dateRangeDelimit1><dateRangeDelimit2>-</dateRangeDelimit2><dateRangeSameMonth>1</dateRangeSameMonth></common><resource name="genericBook"><creator><dependentPre></dependentPre><dependentPreAlternative></dependentPreAlternative><dependentPostAlternative></dependentPostAlternative><singular></singular><plural></plural><pre></pre><post>. </post></creator><publicationYear><dependentPre></dependentPre><dependentPreAlternative></dependentPreAlternative><dependentPostAlternative></dependentPostAlternative><singular></singular><plural></plural><pre></pre><post>. </post></publicationYear><title><dependentPre></dependentPre><dependentPreAlternative></dependentPreAlternative><dependentPostAlternative></dependentPostAlternative><singular></singular><plural></plural><pre>[i]</pre><post>[/i]. </post></title><editor><dependentPre></dependentPre><dependentPreAlternative></dependentPreAlternative><dependentPostAlternative></dependentPostAlternative><singular></singular><plural></plural><pre>Edited by </pre><post>. </post></editor><publisherLocation><dependentPre></dependentPre><dependentPreAlternative></dependentPreAlternative><dependentPostAlternative></dependentPostAlternative><singular></singular><plural></plural><pre></pre><post>: </post></publisherLocation><publisherName><dependentPre></dependentPre><dependentPreAlternative></dependentPreAlternative><dependentPostAlternative></dependentPostAlternative><singular></singular><plural></plural><pre></pre><post></post></publisherName><ultimate>.</ultimate></resource><resource name="genericArticle"><creator><dependentPre></dependentPre><dependentPreAlternative></dependentPreAlternative><dependentPostAlternative></dependentPostAlternative><singular></singular><plural></plural><pre></pre><post>. </post></creator><publicationYear><dependentPre></dependentPre><dependentPreAlternative></dependentPreAlternative><dependentPostAlternative></dependentPostAlternative><singular></singular><plural></plural><pre></pre><post>. </post></publicationYear><title><dependentPre></dependentPre><dependentPreAlternative></dependentPreAlternative><dependentPostAlternative></dependentPostAlternative><singular></singular><plural></plural><pre></pre><post>. </post></title><collection><dependentPre></dependentPre><dependentPreAlternative></dependentPreAlternative><dependentPostAlternative></dependentPostAlternative><singular></singular><plural></plural><pre>[i]</pre><post>[/i] </post></collection><publisherLocation><dependentPre></dependentPre><dependentPreAlternative></dependentPreAlternative><dependentPostAlternative></dependentPostAlternative><singular></singular><plural></plural><pre></pre><post>: </post></publisherLocation><publisherName><dependentPre></dependentPre><dependentPreAlternative></dependentPreAlternative><dependentPostAlternative></dependentPostAlternative><singular></singular><plural></plural><pre></pre><post>. </post></publisherName><date><dependentPre></dependentPre><dependentPreAlternative></dependentPreAlternative><dependentPostAlternative></dependentPostAlternative><singular></singular><plural></plural><pre></pre><post></post></date><pages><dependentPre></dependentPre><dependentPreAlternative></dependentPreAlternative><dependentPostAlternative></dependentPostAlternative><singular></singular><plural></plural><pre>, </pre><post></post></pages><ultimate>.</ultimate></resource><resource name="genericMisc"><creator><dependentPre></dependentPre><dependentPreAlternative></dependentPreAlternative><dependentPostAlternative></dependentPostAlternative><singular></singular><plural></plural><pre></pre><post>. </post></creator><publicationYear><dependentPre></dependentPre><dependentPreAlternative></dependentPreAlternative><dependentPostAlternative></dependentPostAlternative><singular></singular><plural></plural><pre></pre><post>. </post></publicationYear><title><dependentPre></dependentPre><dependentPreAlternative></dependentPreAlternative><dependentPostAlternative></dependentPostAlternative><singular></singular><plural></plural><pre>[i]</pre><post>[/i]. </post></title><publisherLocation><dependentPre></dependentPre><dependentPreAlternative></dependentPreAlternative><dependentPostAlternative></dependentPostAlternative><singular></singular><plural></plural><pre></pre><post>: </post></publisherLocation><publisherName><dependentPre></dependentPre><dependentPreAlternative></dependentPreAlternative><dependentPostAlternative></dependentPostAlternative><singular></singular><plural></plural><pre></pre><post></post></publisherName><date><dependentPre></dependentPre><dependentPreAlternative></dependentPreAlternative><dependentPostAlternative></dependentPostAlternative><singular></singular><plural></plural><pre> </pre><post></post></date><type><dependentPre></dependentPre><dependentPreAlternative></dependentPreAlternative><dependentPostAlternative></dependentPostAlternative><singular></singular><plural></plural><pre> </pre><post></post></type><ultimate>.</ultimate></resource><resource name="book"><author><dependentPre></dependentPre><dependentPreAlternative></dependentPreAlternative><dependentPostAlternative></dependentPostAlternative><singular></singular><plural></plural><pre></pre><post>. </post></author><publicationYear><dependentPre></dependentPre><dependentPreAlternative></dependentPreAlternative><dependentPostAlternative></dependentPostAlternative><singular></singular><plural></plural><pre></pre><post>. </post></publicationYear><title><dependentPre></dependentPre><dependentPreAlternative></dependentPreAlternative><dependentPostAlternative></dependentPostAlternative><singular></singular><plural></plural><pre>[i]</pre><post>[/i]. </post></title><translator><dependentPre></dependentPre><dependentPreAlternative></dependentPreAlternative><dependentPostAlternative></dependentPostAlternative><singular></singular><plural></plural><pre>Translated by </pre><post>. </post></translator><editor><dependentPre></dependentPre><dependentPreAlternative></dependentPreAlternative><dependentPostAlternative></dependentPostAlternative><singular></singular><plural></plural><pre>Edited by </pre><post>. </post></editor><seriesTitle><dependentPre></dependentPre><dependentPreAlternative></dependentPreAlternative><dependentPostAlternative></dependentPostAlternative><singular></singular><plural></plural><pre></pre><post>. </post></seriesTitle><publisherLocation><dependentPre></dependentPre><dependentPreAlternative></dependentPreAlternative><dependentPostAlternative></dependentPostAlternative><singular></singular><plural></plural><pre></pre><post>: </post></publisherLocation><publisherName><dependentPre></dependentPre><dependentPreAlternative></dependentPreAlternative><dependentPostAlternative></dependentPostAlternative><singular></singular><plural></plural><pre></pre><post>. </post></publisherName><originalPublicationYear><dependentPre></dependentPre><dependentPreAlternative></dependentPreAlternative><dependentPostAlternative></dependentPostAlternative><singular></singular><plural></plural><pre>Original `edition`, </pre><post></post></originalPublicationYear><ultimate>.</ultimate></resource><resource name="book_article"><author><dependentPre></dependentPre><dependentPreAlternative></dependentPreAlternative><dependentPostAlternative></dependentPostAlternative><singular></singular><plural></plural><pre></pre><post>. </post></author><publicationYear><dependentPre></dependentPre><dependentPreAlternative></dependentPreAlternative><dependentPostAlternative></dependentPostAlternative><singular></singular><plural></plural><pre></pre><post>. </post></publicationYear><title><dependentPre></dependentPre><dependentPreAlternative></dependentPreAlternative><dependentPostAlternative></dependentPostAlternative><singular></singular><plural></plural><pre></pre><post>. </post></title><book><dependentPre></dependentPre><dependentPreAlternative></dependentPreAlternative><dependentPostAlternative></dependentPostAlternative><singular></singular><plural></plural><pre>In [i]</pre><post>[/i]</post></book><editor><dependentPre></dependentPre><dependentPreAlternative></dependentPreAlternative><dependentPostAlternative></dependentPostAlternative><singular></singular><plural></plural><pre>, ed. </pre><post></post></editor><volumeNumber><dependentPre></dependentPre><dependentPreAlternative></dependentPreAlternative><dependentPostAlternative></dependentPostAlternative><singular></singular><plural></plural><pre>, </pre><post>:</post></volumeNumber><pages><dependentPre></dependentPre><dependentPreAlternative> </dependentPreAlternative><dependentPostAlternative></dependentPostAlternative><singular></singular><plural></plural><pre>__DEPENDENT_ON_PREVIOUS_FIELD__</pre><post></post></pages><publisherLocation><dependentPre></dependentPre><dependentPreAlternative></dependentPreAlternative><dependentPostAlternative></dependentPostAlternative><singular></singular><plural></plural><pre>. </pre><post>: </post></publisherLocation><publisherName><dependentPre></dependentPre><dependentPreAlternative></dependentPreAlternative><dependentPostAlternative></dependentPostAlternative><singular></singular><plural></plural><pre></pre><post>. </post></publisherName><originalPublicationYear><dependentPre></dependentPre><dependentPreAlternative></dependentPreAlternative><dependentPostAlternative></dependentPostAlternative><singular></singular><plural></plural><pre>Original `edition`, </pre><post></post></originalPublicationYear><ultimate>.</ultimate></resource><resource name="journal_article"><author><dependentPre></dependentPre><dependentPreAlternative></dependentPreAlternative><dependentPostAlternative></dependentPostAlternative><singular></singular><plural></plural><pre></pre><post>. </post></author><publicationYear><dependentPre></dependentPre><dependentPreAlternative></dependentPreAlternative><dependentPostAlternative></dependentPostAlternative><singular></singular><plural></plural><pre></pre><post>. </post></publicationYear><title><dependentPre></dependentPre><dependentPreAlternative></dependentPreAlternative><dependentPostAlternative></dependentPostAlternative><singular></singular><plural></plural><pre></pre><post>. </post></title><journal><dependentPre></dependentPre><dependentPreAlternative></dependentPreAlternative><dependentPostAlternative></dependentPostAlternative><singular></singular><plural></plural><pre>[i]</pre><post>[/i] </post></journal><volume><dependentPre></dependentPre><dependentPreAlternative></dependentPreAlternative><dependentPostAlternative></dependentPostAlternative><singular></singular><plural></plural><pre></pre><post></post></volume><issue><dependentPre></dependentPre><dependentPreAlternative></dependentPreAlternative><dependentPostAlternative></dependentPostAlternative><singular></singular><plural></plural><pre>, </pre><post></post></issue><pages><dependentPre></dependentPre><dependentPreAlternative></dependentPreAlternative><dependentPostAlternative></dependentPostAlternative><singular></singular><plural></plural><pre>: </pre><post></post></pages><ultimate>.</ultimate></resource><resource name="newspaper_article"><author><dependentPre></dependentPre><dependentPreAlternative></dependentPreAlternative><dependentPostAlternative></dependentPostAlternative><singular></singular><plural></plural><pre></pre><post>. </post></author><issueYear><dependentPre></dependentPre><dependentPreAlternative></dependentPreAlternative><dependentPostAlternative></dependentPostAlternative><singular></singular><plural></plural><pre></pre><post>. </post></issueYear><title><dependentPre></dependentPre><dependentPreAlternative></dependentPreAlternative><dependentPostAlternative></dependentPostAlternative><singular></singular><plural></plural><pre></pre><post>. </post></title><newspaper><dependentPre></dependentPre><dependentPreAlternative></dependentPreAlternative><dependentPostAlternative></dependentPostAlternative><singular></singular><plural></plural><pre>[i]</pre><post>[/i]</post></newspaper><issueDate><dependentPre></dependentPre><dependentPreAlternative></dependentPreAlternative><dependentPostAlternative></dependentPostAlternative><singular></singular><plural></plural><pre>, </pre><post></post></issueDate><pages><dependentPre></dependentPre><dependentPreAlternative></dependentPreAlternative><dependentPostAlternative></dependentPostAlternative><singular></singular><plural></plural><pre>, </pre><post></post></pages><ultimate>.</ultimate></resource><resource name="magazine_article"><author><dependentPre></dependentPre><dependentPreAlternative></dependentPreAlternative><dependentPostAlternative></dependentPostAlternative><singular></singular><plural></plural><pre></pre><post>. </post></author><issueYear><dependentPre></dependentPre><dependentPreAlternative></dependentPreAlternative><dependentPostAlternative></dependentPostAlternative><singular></singular><plural></plural><pre></pre><post>. </post></issueYear><title><dependentPre></dependentPre><dependentPreAlternative></dependentPreAlternative><dependentPostAlternative></dependentPostAlternative><singular></singular><plural></plural><pre></pre><post>. </post></title><magazine><dependentPre></dependentPre><dependentPreAlternative></dependentPreAlternative><dependentPostAlternative></dependentPostAlternative><singular></singular><plural></plural><pre>[i]</pre><post>[/i], </post></magazine><issueDate><dependentPre></dependentPre><dependentPreAlternative></dependentPreAlternative><dependentPostAlternative></dependentPostAlternative><singular></singular><plural></plural><pre></pre><post></post></issueDate><pages><dependentPre></dependentPre><dependentPreAlternative></dependentPreAlternative><dependentPostAlternative></dependentPostAlternative><singular></singular><plural></plural><pre>, </pre><post></post></pages><ultimate>.</ultimate></resource><resource name="proceedings"><fallbackstyle>genericBook</fallbackstyle></resource><resource name="conference_paper"><fallbackstyle>genericBook</fallbackstyle></resource><resource name="proceedings_article"><fallbackstyle>genericArticle</fallbackstyle></resource><resource name="thesis"><author><dependentPre></dependentPre><dependentPreAlternative></dependentPreAlternative><dependentPostAlternative></dependentPostAlternative><singular></singular><plural></plural><pre></pre><post>. </post></author><awardYear><dependentPre></dependentPre><dependentPreAlternative></dependentPreAlternative><dependentPostAlternative></dependentPostAlternative><singular></singular><plural></plural><pre></pre><post>. </post></awardYear><title><dependentPre></dependentPre><dependentPreAlternative></dependentPreAlternative><dependentPostAlternative></dependentPostAlternative><singular></singular><plural></plural><pre></pre><post>. </post></title><type><dependentPre></dependentPre><dependentPost> </dependentPost><dependentPreAlternative></dependentPreAlternative><dependentPostAlternative>, </dependentPostAlternative><singular></singular><plural></plural><pre></pre><post>__DEPENDENT_ON_NEXT_FIELD__</post></type><label><dependentPre></dependentPre><dependentPreAlternative></dependentPreAlternative><dependentPostAlternative></dependentPostAlternative><singular></singular><plural></plural><pre></pre><post>, </post></label><institution><dependentPre></dependentPre><dependentPreAlternative></dependentPreAlternative><dependentPostAlternative></dependentPostAlternative><singular></singular><plural></plural><pre></pre><post></post></institution><ultimate>.</ultimate></resource><resource name="web_article"><author><dependentPre></dependentPre><dependentPreAlternative></dependentPreAlternative><dependentPostAlternative></dependentPostAlternative><singular></singular><plural></plural><pre></pre><post>. </post></author><publicationYear><dependentPre></dependentPre><dependentPreAlternative></dependentPreAlternative><dependentPostAlternative></dependentPostAlternative><singular></singular><plural></plural><pre></pre><post>. </post></publicationYear><title><dependentPre></dependentPre><dependentPreAlternative></dependentPreAlternative><dependentPostAlternative></dependentPostAlternative><singular></singular><plural></plural><pre>[i]</pre><post>[/i]. </post></title><accessDate><dependentPre></dependentPre><dependentPreAlternative></dependentPreAlternative><dependentPostAlternative></dependentPostAlternative><singular></singular><plural></plural><pre>Accessed </pre><post> </post></accessDate><accessYear><dependentPre></dependentPre><dependentPreAlternative></dependentPreAlternative><dependentPostAlternative></dependentPostAlternative><singular></singular><plural></plural><pre></pre><post>. </post></accessYear><URL><dependentPre></dependentPre><dependentPreAlternative></dependentPreAlternative><dependentPostAlternative></dependentPostAlternative><singular></singular><plural></plural><pre>Available from </pre><post></post></URL><ultimate>.</ultimate></resource><resource name="film"><fallbackstyle>genericBook</fallbackstyle></resource><resource name="broadcast"><fallbackstyle>genericBook</fallbackstyle></resource><resource name="music_album"><fallbackstyle>genericBook</fallbackstyle></resource><resource name="music_track"><fallbackstyle>genericArticle</fallbackstyle></resource><resource name="music_score"><fallbackstyle>genericBook</fallbackstyle></resource><resource name="artwork"><fallbackstyle>genericBook</fallbackstyle></resource><resource name="software"><author><dependentPre></dependentPre><dependentPreAlternative></dependentPreAlternative><dependentPostAlternative></dependentPostAlternative><singular></singular><plural></plural><pre></pre><post>. </post></author><title><dependentPre></dependentPre><dependentPost> </dependentPost><dependentPreAlternative></dependentPreAlternative><dependentPostAlternative>. </dependentPostAlternative><singular></singular><plural></plural><pre></pre><post>__DEPENDENT_ON_NEXT_FIELD__</post></title><version><dependentPre></dependentPre><dependentPreAlternative></dependentPreAlternative><dependentPostAlternative></dependentPostAlternative><singular></singular><plural></plural><pre></pre><post>. </post></version><publisherName><dependentPre></dependentPre><dependentPreAlternative></dependentPreAlternative><dependentPostAlternative></dependentPostAlternative><singular></singular><plural></plural><pre></pre><post></post></publisherName><publisherLocation><dependentPre></dependentPre><dependentPreAlternative></dependentPreAlternative><dependentPostAlternative></dependentPostAlternative><singular></singular><plural></plural><pre>, </pre><post></post></publisherLocation><ultimate>.</ultimate></resource><resource name="audiovisual"><author><dependentPre></dependentPre><dependentPreAlternative></dependentPreAlternative><dependentPostAlternative></dependentPostAlternative><singular></singular><plural></plural><pre></pre><post>. </post></author><publicationYear><dependentPre></dependentPre><dependentPreAlternative></dependentPreAlternative><dependentPostAlternative></dependentPostAlternative><singular></singular><plural></plural><pre></pre><post>. </post></publicationYear><title><dependentPre></dependentPre><dependentPreAlternative></dependentPreAlternative><dependentPostAlternative></dependentPostAlternative><singular></singular><plural></plural><pre>[i]</pre><post>[/i]. </post></title><medium><dependentPre></dependentPre><dependentPreAlternative></dependentPreAlternative><dependentPostAlternative></dependentPostAlternative><singular></singular><plural></plural><pre></pre><post>. </post></medium><publisherLocation><dependentPre></dependentPre><dependentPreAlternative></dependentPreAlternative><dependentPostAlternative></dependentPostAlternative><singular></singular><plural></plural><pre></pre><post>: </post></publisherLocation><publisherName><dependentPre></dependentPre><dependentPreAlternative></dependentPreAlternative><dependentPostAlternative></dependentPostAlternative><singular></singular><plural></plural><pre></pre><post></post></publisherName><ultimate>.</ultimate></resource><resource name="database"><fallbackstyle>genericBook</fallbackstyle></resource><resource name="government_report"><fallbackstyle>genericMisc</fallbackstyle></resource><resource name="report"><author><dependentPre></dependentPre><dependentPreAlternative></dependentPreAlternative><dependentPostAlternative></dependentPostAlternative><singular></singular><plural></plural><pre></pre><post>. </post></author><reportYear><dependentPre></dependentPre><dependentPreAlternative></dependentPreAlternative><dependentPostAlternative></dependentPostAlternative><singular></singular><plural></plural><pre></pre><post>. </post></reportYear><title><dependentPre></dependentPre><dependentPreAlternative></dependentPreAlternative><dependentPostAlternative></dependentPostAlternative><singular></singular><plural></plural><pre>[i]</pre><post>[/i]. </post></title><institutionLocation><dependentPre></dependentPre><dependentPreAlternative></dependentPreAlternative><dependentPostAlternative></dependentPostAlternative><singular></singular><plural></plural><pre></pre><post>: </post></institutionLocation><institution><dependentPre></dependentPre><dependentPreAlternative></dependentPreAlternative><dependentPostAlternative></dependentPostAlternative><singular></singular><plural></plural><pre></pre><post>. </post></institution><type><dependentPre></dependentPre><dependentPreAlternative></dependentPreAlternative><dependentPostAlternative></dependentPostAlternative><singular></singular><plural></plural><pre></pre><post></post></type><number><dependentPre></dependentPre><dependentPreAlternative></dependentPreAlternative><dependentPostAlternative></dependentPostAlternative><singular></singular><plural></plural><pre>, </pre><post></post></number><ultimate>.</ultimate></resource><resource name="hearing"><fallbackstyle>genericMisc</fallbackstyle></resource><resource name="statute"><fallbackstyle>genericMisc</fallbackstyle></resource><resource name="legal_ruling"><fallbackstyle>genericMisc</fallbackstyle></resource><resource name="case"><fallbackstyle>genericMisc</fallbackstyle></resource><resource name="bill"><fallbackstyle>genericMisc</fallbackstyle></resource><resource name="patent"><fallbackstyle>genericMisc</fallbackstyle></resource><resource name="personal"><fallbackstyle>genericBook</fallbackstyle></resource><resource name="unpublished"><fallbackstyle>genericBook</fallbackstyle></resource><resource name="classical"><fallbackstyle>genericArticle</fallbackstyle></resource><resource name="manuscript"><author><dependentPre></dependentPre><dependentPreAlternative></dependentPreAlternative><dependentPostAlternative></dependentPostAlternative><singular></singular><plural></plural><pre></pre><post>. </post></author><issueYear><dependentPre></dependentPre><dependentPreAlternative></dependentPreAlternative><dependentPostAlternative></dependentPostAlternative><singular></singular><plural></plural><pre></pre><post>. </post></issueYear><title><dependentPre></dependentPre><dependentPreAlternative></dependentPreAlternative><dependentPostAlternative></dependentPostAlternative><singular></singular><plural></plural><pre></pre><post>. </post></title><type><dependentPre></dependentPre><dependentPreAlternative></dependentPreAlternative><dependentPostAlternative></dependentPostAlternative><singular></singular><plural></plural><pre></pre><post>. </post></type><collection><dependentPre></dependentPre><dependentPreAlternative></dependentPreAlternative><dependentPostAlternative></dependentPostAlternative><singular></singular><plural></plural><pre></pre><post></post></collection><ultimate>.</ultimate></resource><resource name="map"><fallbackstyle>genericBook</fallbackstyle></resource><resource name="chart"><fallbackstyle>genericBook</fallbackstyle></resource><resource name="miscellaneous"><fallbackstyle>genericBook</fallbackstyle></resource></bibliography></style>