<?xml version="1.0" encoding="utf-8"?><style xml:lang="en"><info><name>HARVARD</name><description>Harvard</description><language>English</language><osbibVersion>2.0</osbibVersion></info><citation><creatorStyle>3</creatorStyle><creatorOtherStyle>0</creatorOtherStyle><creatorInitials>0</creatorInitials><creatorFirstName>0</creatorFirstName><twoCreatorsSep> and </twoCreatorsSep><creatorSepFirstBetween> </creatorSepFirstBetween><creatorListSubsequentAbbreviation> et al.</creatorListSubsequentAbbreviation><creatorSepNextBetween> </creatorSepNextBetween><creatorSepNextLast> and </creatorSepNextLast><creatorList>1</creatorList><creatorListMore>3</creatorListMore><creatorListLimit>1</creatorListLimit><creatorListAbbreviation> et al.</creatorListAbbreviation><creatorListSubsequent>1</creatorListSubsequent><creatorListSubsequentMore>3</creatorListSubsequentMore><creatorListSubsequentLimit>1</creatorListSubsequentLimit><consecutiveCreator>0</consecutiveCreator><consecutiveCreatorSep></consecutiveCreatorSep><template>(|creator|%, %year|)</template><consecutiveCitationSep>, </consecutiveCitationSep><yearFormat>0</yearFormat><pageFormat>0</pageFormat><ambiguousYear>on</ambiguousYear><ibid>Ibid.</ibid><idem>Ibid.</idem><opCit></opCit><ambiguousNameFormat>0</ambiguousNameFormat><ambiguousYearFormat>0</ambiguousYearFormat><footnotePagePosition>1</footnotePagePosition><footnotePageTemplate>, pages</footnotePageTemplate><footnoteStyle>0</footnoteStyle></citation><bibliography><common><titleCapitalization>0</titleCapitalization><primaryCreatorFirstStyle>1</primaryCreatorFirstStyle><primaryCreatorOtherStyle>1</primaryCreatorOtherStyle><primaryCreatorInitials>0</primaryCreatorInitials><primaryCreatorFirstName>1</primaryCreatorFirstName><otherCreatorFirstStyle>1</otherCreatorFirstStyle><otherCreatorOtherStyle>1</otherCreatorOtherStyle><otherCreatorInitials>0</otherCreatorInitials><dayFormat>0</dayFormat><otherCreatorFirstName>1</otherCreatorFirstName><primaryCreatorList>1</primaryCreatorList><otherCreatorList>1</otherCreatorList><monthFormat>1</monthFormat><editionFormat>1</editionFormat><primaryCreatorListMore>100</primaryCreatorListMore><primaryCreatorListLimit>100</primaryCreatorListLimit><dateFormat>1</dateFormat><primaryCreatorListAbbreviation>, et al.</primaryCreatorListAbbreviation><otherCreatorListMore>100</otherCreatorListMore><runningTimeFormat>1</runningTimeFormat><primaryCreatorRepeatString></primaryCreatorRepeatString><primaryCreatorRepeat>0</primaryCreatorRepeat><otherCreatorListLimit>100</otherCreatorListLimit><otherCreatorListAbbreviation>, et al.</otherCreatorListAbbreviation><pageFormat>2</pageFormat><editorSwitch>1</editorSwitch><editorSwitchIfYes>editor (^Ed.^Eds.^), </editorSwitchIfYes><primaryCreatorUppercase>on</primaryCreatorUppercase><otherCreatorUppercase>on</otherCreatorUppercase><primaryCreatorSepFirstBetween>, </primaryCreatorSepFirstBetween><primaryCreatorSepNextBetween>, </primaryCreatorSepNextBetween><primaryCreatorSepNextLast> &amp; </primaryCreatorSepNextLast><otherCreatorSepFirstBetween>, </otherCreatorSepFirstBetween><otherCreatorSepNextBetween>, </otherCreatorSepNextBetween><otherCreatorSepNextLast> &amp; </otherCreatorSepNextLast><primaryTwoCreatorsSep> &amp; </primaryTwoCreatorsSep><otherTwoCreatorsSep> &amp; </otherTwoCreatorsSep><userMonth_1></userMonth_1><userMonth_2></userMonth_2><userMonth_3></userMonth_3><userMonth_4></userMonth_4><userMonth_5></userMonth_5><userMonth_6></userMonth_6><userMonth_7></userMonth_7><userMonth_8></userMonth_8><userMonth_9></userMonth_9><userMonth_10></userMonth_10><userMonth_11></userMonth_11><userMonth_12></userMonth_12><dateRangeDelimit1>-</dateRangeDelimit1><dateRangeDelimit2>-</dateRangeDelimit2><dateRangeSameMonth>1</dateRangeSameMonth></common><resource name="genericBook"><creator><dependentPre></dependentPre><dependentPreAlternative></dependentPreAlternative><dependentPostAlternative></dependentPostAlternative><singular></singular><plural></plural><pre></pre><post> </post></creator><publicationYear><dependentPre></dependentPre><dependentPreAlternative></dependentPreAlternative><dependentPostAlternative></dependentPostAlternative><singular></singular><plural></plural><pre>(</pre><post>) </post></publicationYear><title><dependentPre></dependentPre><dependentPreAlternative></dependentPreAlternative><dependentPostAlternative></dependentPostAlternative><singular></singular><plural></plural><pre>[i]</pre><post>[/i] </post></title><editor><dependentPre></dependentPre><dependentPreAlternative></dependentPreAlternative><dependentPostAlternative></dependentPostAlternative><singular>Ed.</singular><plural>Eds.</plural><pre></pre><post> (__SINGULAR_PLURAL__), </post></editor><publisherLocation><dependentPre></dependentPre><dependentPreAlternative></dependentPreAlternative><dependentPostAlternative></dependentPostAlternative><singular></singular><plural></plural><pre></pre><post>, </post></publisherLocation><publisherName><dependentPre></dependentPre><dependentPreAlternative></dependentPreAlternative><dependentPostAlternative></dependentPostAlternative><singular></singular><plural></plural><pre></pre><post></post></publisherName><ultimate>.</ultimate></resource><resource name="genericArticle"><creator><dependentPre></dependentPre><dependentPreAlternative></dependentPreAlternative><dependentPostAlternative></dependentPostAlternative><singular></singular><plural></plural><pre></pre><post> </post></creator><publicationYear><dependentPre></dependentPre><dependentPreAlternative></dependentPreAlternative><dependentPostAlternative></dependentPostAlternative><singular></singular><plural></plural><pre>(</pre><post>) </post></publicationYear><title><dependentPre></dependentPre><dependentPreAlternative></dependentPreAlternative><dependentPostAlternative></dependentPostAlternative><singular></singular><plural></plural><pre>[i]</pre><post>[/i] </post></title><editor><dependentPre></dependentPre><dependentPreAlternative></dependentPreAlternative><dependentPostAlternative></dependentPostAlternative><singular>Ed.</singular><plural>Eds.</plural><pre></pre><post> (__SINGULAR_PLURAL__), </post></editor><collection><dependentPre></dependentPre><dependentPreAlternative></dependentPreAlternative><dependentPostAlternative></dependentPostAlternative><singular></singular><plural></plural><pre>[i]</pre><post>[/i]</post></collection><publisherLocation><dependentPre></dependentPre><dependentPreAlternative></dependentPreAlternative><dependentPostAlternative></dependentPostAlternative><singular></singular><plural></plural><pre> </pre><post>, </post></publisherLocation><publisherName><dependentPre></dependentPre><dependentPreAlternative></dependentPreAlternative><dependentPostAlternative></dependentPostAlternative><singular></singular><plural></plural><pre></pre><post></post></publisherName><pages><dependentPre></dependentPre><dependentPreAlternative></dependentPreAlternative><dependentPostAlternative></dependentPostAlternative><singular></singular><plural></plural><pre>, </pre><post></post></pages><ultimate>.</ultimate><independent><independent_3>IN </independent_3><independent_4>.</independent_4></independent></resource><resource name="genericMisc"><creator><dependentPre></dependentPre><dependentPreAlternative></dependentPreAlternative><dependentPostAlternative></dependentPostAlternative><singular></singular><plural></plural><pre></pre><post> </post></creator><publicationYear><dependentPre></dependentPre><dependentPreAlternative></dependentPreAlternative><dependentPostAlternative></dependentPostAlternative><singular></singular><plural></plural><pre>(</pre><post>) </post></publicationYear><title><dependentPre></dependentPre><dependentPreAlternative></dependentPreAlternative><dependentPostAlternative></dependentPostAlternative><singular></singular><plural></plural><pre>[i]</pre><post>[/i] </post></title><publisherLocation><dependentPre></dependentPre><dependentPreAlternative></dependentPreAlternative><dependentPostAlternative></dependentPostAlternative><singular></singular><plural></plural><pre></pre><post>, </post></publisherLocation><publisherName><dependentPre></dependentPre><dependentPreAlternative></dependentPreAlternative><dependentPostAlternative></dependentPostAlternative><singular></singular><plural></plural><pre></pre><post></post></publisherName><ultimate>.</ultimate></resource><resource name="book"><author><dependentPre></dependentPre><dependentPreAlternative></dependentPreAlternative><dependentPostAlternative></dependentPostAlternative><singular></singular><plural></plural><pre></pre><post> </post></author><publicationYear><dependentPre></dependentPre><dependentPreAlternative></dependentPreAlternative><dependentPostAlternative></dependentPostAlternative><singular></singular><plural></plural><pre>(</pre><post>) </post></publicationYear><title><dependentPre></dependentPre><dependentPreAlternative></dependentPreAlternative><dependentPostAlternative></dependentPostAlternative><singular></singular><plural></plural><pre>[i]</pre><post>[/i] </post></title><editor><dependentPre></dependentPre><dependentPreAlternative></dependentPreAlternative><dependentPostAlternative></dependentPostAlternative><singular>Ed.</singular><plural>Eds.</plural><pre></pre><post> (__SINGULAR_PLURAL__), </post></editor><publisherLocation><dependentPre></dependentPre><dependentPreAlternative></dependentPreAlternative><dependentPostAlternative></dependentPostAlternative><singular></singular><plural></plural><pre></pre><post>, </post></publisherLocation><publisherName><dependentPre></dependentPre><dependentPreAlternative></dependentPreAlternative><dependentPostAlternative></dependentPostAlternative><singular></singular><plural></plural><pre></pre><post></post></publisherName><ultimate>.</ultimate></resource><resource name="book_article"><author><dependentPre></dependentPre><dependentPreAlternative></dependentPreAlternative><dependentPostAlternative></dependentPostAlternative><singular></singular><plural></plural><pre></pre><post> </post></author><publicationYear><dependentPre></dependentPre><dependentPreAlternative></dependentPreAlternative><dependentPostAlternative></dependentPostAlternative><singular></singular><plural></plural><pre>(</pre><post>) </post></publicationYear><title><dependentPre></dependentPre><dependentPreAlternative></dependentPreAlternative><dependentPostAlternative></dependentPostAlternative><singular></singular><plural></plural><pre></pre><post>. </post></title><editor><dependentPre></dependentPre><dependentPreAlternative></dependentPreAlternative><dependentPostAlternative></dependentPostAlternative><singular>Ed.</singular><plural>Eds.</plural><pre></pre><post> (__SINGULAR_PLURAL__), </post></editor><book><dependentPre></dependentPre><dependentPreAlternative></dependentPreAlternative><dependentPostAlternative></dependentPostAlternative><singular></singular><plural></plural><pre>[i]</pre><post>[/i]</post></book><edition><dependentPre></dependentPre><dependentPreAlternative></dependentPreAlternative><dependentPostAlternative></dependentPostAlternative><singular></singular><plural></plural><pre> </pre><post> ed.</post></edition><publisherLocation><dependentPre></dependentPre><dependentPreAlternative></dependentPreAlternative><dependentPostAlternative></dependentPostAlternative><singular></singular><plural></plural><pre> </pre><post></post></publisherLocation><ultimate>.</ultimate><independent><independent_3>IN </independent_3><independent_4>.</independent_4></independent></resource><resource name="journal_article"><author><dependentPre></dependentPre><dependentPreAlternative></dependentPreAlternative><dependentPostAlternative></dependentPostAlternative><singular></singular><plural></plural><pre></pre><post> </post></author><publicationYear><dependentPre></dependentPre><dependentPreAlternative></dependentPreAlternative><dependentPostAlternative></dependentPostAlternative><singular></singular><plural></plural><pre>(</pre><post>) </post></publicationYear><title><dependentPre></dependentPre><dependentPreAlternative></dependentPreAlternative><dependentPostAlternative></dependentPostAlternative><singular></singular><plural></plural><pre></pre><post>. </post></title><journal><dependentPre></dependentPre><dependentPreAlternative></dependentPreAlternative><dependentPostAlternative></dependentPostAlternative><singular></singular><plural></plural><pre>[i]</pre><post>[/i], </post></journal><volume><dependentPre></dependentPre><dependentPreAlternative></dependentPreAlternative><dependentPostAlternative></dependentPostAlternative><singular></singular><plural></plural><pre></pre><post></post></volume><pages><dependentPre></dependentPre><dependentPreAlternative></dependentPreAlternative><dependentPostAlternative></dependentPostAlternative><singular></singular><plural></plural><pre></pre><post></post></pages><ultimate>.</ultimate><independent><independent_3>IN </independent_3><independent_4>.</independent_4></independent></resource><resource name="newspaper_article"><fallbackstyle>genericArticle</fallbackstyle></resource><resource name="magazine_article"><fallbackstyle>genericArticle</fallbackstyle></resource><resource name="proceedings"><fallbackstyle>genericBook</fallbackstyle></resource><resource name="conference_paper"><fallbackstyle>genericBook</fallbackstyle></resource><resource name="proceedings_article"><fallbackstyle>genericArticle</fallbackstyle></resource><resource name="thesis"><author><dependentPre></dependentPre><dependentPreAlternative></dependentPreAlternative><dependentPostAlternative></dependentPostAlternative><singular></singular><plural></plural><pre></pre><post> </post></author><awardYear><dependentPre></dependentPre><dependentPreAlternative></dependentPreAlternative><dependentPostAlternative></dependentPostAlternative><singular></singular><plural></plural><pre>(</pre><post>) </post></awardYear><title><dependentPre></dependentPre><dependentPreAlternative></dependentPreAlternative><dependentPostAlternative></dependentPostAlternative><singular></singular><plural></plural><pre></pre><post>. </post></title><type><dependentPre></dependentPre><dependentPreAlternative></dependentPreAlternative><dependentPostAlternative></dependentPostAlternative><singular></singular><plural></plural><pre></pre><post></post></type><label><dependentPre></dependentPre><dependentPreAlternative></dependentPreAlternative><dependentPostAlternative></dependentPostAlternative><singular></singular><plural></plural><pre> </pre><post>. </post></label><institutionLocation><dependentPre></dependentPre><dependentPreAlternative></dependentPreAlternative><dependentPostAlternative></dependentPostAlternative><singular></singular><plural></plural><pre></pre><post>, </post></institutionLocation><institution><dependentPre></dependentPre><dependentPreAlternative></dependentPreAlternative><dependentPostAlternative></dependentPostAlternative><singular></singular><plural></plural><pre></pre><post></post></institution><ultimate>.</ultimate></resource><resource name="web_article"><author><dependentPre></dependentPre><dependentPreAlternative></dependentPreAlternative><dependentPostAlternative></dependentPostAlternative><singular></singular><plural></plural><pre></pre><post> </post></author><publicationYear><dependentPre></dependentPre><dependentPreAlternative></dependentPreAlternative><dependentPostAlternative></dependentPostAlternative><singular></singular><plural></plural><pre>(</pre><post>) </post></publicationYear><title><dependentPre></dependentPre><dependentPreAlternative></dependentPreAlternative><dependentPostAlternative></dependentPostAlternative><singular></singular><plural></plural><pre></pre><post>. </post></title><journal><dependentPre></dependentPre><dependentPreAlternative></dependentPreAlternative><dependentPostAlternative></dependentPostAlternative><singular></singular><plural></plural><pre>[i]</pre><post>[/i], </post></journal><volume><dependentPre></dependentPre><dependentPreAlternative></dependentPreAlternative><dependentPostAlternative></dependentPostAlternative><singular></singular><plural></plural><pre></pre><post>. </post></volume><URL><dependentPre></dependentPre><dependentPreAlternative></dependentPreAlternative><dependentPostAlternative></dependentPostAlternative><singular></singular><plural></plural><pre>Available: </pre><post> </post></URL><accessDate><dependentPre></dependentPre><dependentPreAlternative></dependentPreAlternative><dependentPostAlternative></dependentPostAlternative><singular></singular><plural></plural><pre>Accessed: </pre><post></post></accessDate><accessYear><dependentPre></dependentPre><dependentPreAlternative></dependentPreAlternative><dependentPostAlternative></dependentPostAlternative><singular></singular><plural></plural><pre>, </pre><post></post></accessYear><pages><dependentPre></dependentPre><dependentPreAlternative></dependentPreAlternative><dependentPostAlternative></dependentPostAlternative><singular></singular><plural></plural><pre></pre><post></post></pages><ultimate>.</ultimate><independent><independent_6>(</independent_6><independent_7>) </independent_7></independent></resource><resource name="film"><fallbackstyle>genericBook</fallbackstyle></resource><resource name="broadcast"><fallbackstyle>genericBook</fallbackstyle></resource><resource name="music_album"><fallbackstyle>genericBook</fallbackstyle></resource><resource name="music_track"><fallbackstyle>genericArticle</fallbackstyle></resource><resource name="music_score"><fallbackstyle>genericBook</fallbackstyle></resource><resource name="artwork"><fallbackstyle>genericBook</fallbackstyle></resource><resource name="software"><fallbackstyle>genericBook</fallbackstyle></resource><resource name="audiovisual"><fallbackstyle>genericBook</fallbackstyle></resource><resource name="database"><fallbackstyle>genericBook</fallbackstyle></resource><resource name="government_report"><fallbackstyle>genericMisc</fallbackstyle></resource><resource name="report"><fallbackstyle>genericMisc</fallbackstyle></resource><resource name="hearing"><fallbackstyle>genericMisc</fallbackstyle></resource><resource name="statute"><fallbackstyle>genericMisc</fallbackstyle></resource><resource name="legal_ruling"><fallbackstyle>genericMisc</fallbackstyle></resource><resource name="case"><fallbackstyle>genericMisc</fallbackstyle></resource><resource name="bill"><fallbackstyle>genericMisc</fallbackstyle></resource><resource name="patent"><fallbackstyle>genericMisc</fallbackstyle></resource><resource name="personal"><fallbackstyle>genericBook</fallbackstyle></resource><resource name="unpublished"><fallbackstyle>genericBook</fallbackstyle></resource><resource name="classical"><fallbackstyle>genericBook</fallbackstyle></resource><resource name="manuscript"><fallbackstyle>genericArticle</fallbackstyle></resource><resource name="map"><fallbackstyle>genericBook</fallbackstyle></resource><resource name="chart"><fallbackstyle>genericBook</fallbackstyle></resource><resource name="miscellaneous"><fallbackstyle>genericBook</fallbackstyle></resource></bibliography></style>