<?xml version="1.0" encoding="utf-8"?><style xml:lang="en"><info><name>BRITISHMEDICALJOURNAL</name><description>British Medical Journal (BMJ)</description><language>English</language><osbibVersion>2.0</osbibVersion></info><citation><creatorStyle>3</creatorStyle><creatorOtherStyle>0</creatorOtherStyle><creatorInitials>0</creatorInitials><creatorFirstName>0</creatorFirstName><twoCreatorsSep> and </twoCreatorsSep><creatorSepFirstBetween>, </creatorSepFirstBetween><creatorListSubsequentAbbreviation>, et al.</creatorListSubsequentAbbreviation><creatorSepNextBetween>, </creatorSepNextBetween><creatorSepNextLast> and </creatorSepNextLast><creatorList>1</creatorList><creatorListMore>3</creatorListMore><creatorListLimit>1</creatorListLimit><creatorListAbbreviation>, et al.</creatorListAbbreviation><creatorListSubsequent>1</creatorListSubsequent><creatorListSubsequentMore>3</creatorListSubsequentMore><creatorListSubsequentLimit>1</creatorListSubsequentLimit><consecutiveCreator>0</consecutiveCreator><consecutiveCreatorSep></consecutiveCreatorSep><template>ID</template><consecutiveCitationSep> </consecutiveCitationSep><yearFormat>0</yearFormat><pageFormat>0</pageFormat><templateSuperscript>on</templateSuperscript><ibid>Ibid.</ibid><idem>Ibid.</idem><opCit></opCit><ambiguousNameFormat>0</ambiguousNameFormat><ambiguousYearFormat>0</ambiguousYearFormat><footnotePagePosition>1</footnotePagePosition><footnotePageTemplate>, pages</footnotePageTemplate><footnoteStyle>0</footnoteStyle></citation><bibliography><common><titleCapitalization>0</titleCapitalization><primaryCreatorFirstStyle>2</primaryCreatorFirstStyle><primaryCreatorOtherStyle>2</primaryCreatorOtherStyle><primaryCreatorInitials>3</primaryCreatorInitials><primaryCreatorFirstName>0</primaryCreatorFirstName><otherCreatorFirstStyle>2</otherCreatorFirstStyle><otherCreatorOtherStyle>2</otherCreatorOtherStyle><otherCreatorInitials>3</otherCreatorInitials><dayFormat>0</dayFormat><otherCreatorFirstName>0</otherCreatorFirstName><primaryCreatorList>0</primaryCreatorList><otherCreatorList>1</otherCreatorList><monthFormat>1</monthFormat><editionFormat>1</editionFormat><primaryCreatorListMore>7</primaryCreatorListMore><primaryCreatorListLimit>6</primaryCreatorListLimit><dateFormat>1</dateFormat><primaryCreatorListAbbreviation>, et al.</primaryCreatorListAbbreviation><otherCreatorListMore>7</otherCreatorListMore><runningTimeFormat>1</runningTimeFormat><primaryCreatorRepeatString></primaryCreatorRepeatString><primaryCreatorRepeat>0</primaryCreatorRepeat><otherCreatorListLimit>6</otherCreatorListLimit><otherCreatorListAbbreviation>, et al.</otherCreatorListAbbreviation><pageFormat>2</pageFormat><editorSwitch>1</editorSwitch><editorSwitchIfYes>editor, ^`editor.`^`editors.`^ </editorSwitchIfYes><primaryCreatorSepFirstBetween>, </primaryCreatorSepFirstBetween><primaryCreatorSepNextBetween>, </primaryCreatorSepNextBetween><primaryCreatorSepNextLast>, </primaryCreatorSepNextLast><otherCreatorSepFirstBetween>, </otherCreatorSepFirstBetween><otherCreatorSepNextBetween>, </otherCreatorSepNextBetween><otherCreatorSepNextLast>, </otherCreatorSepNextLast><primaryTwoCreatorsSep>, </primaryTwoCreatorsSep><otherTwoCreatorsSep>, </otherTwoCreatorsSep><userMonth_1></userMonth_1><userMonth_2></userMonth_2><userMonth_3></userMonth_3><userMonth_4></userMonth_4><userMonth_5></userMonth_5><userMonth_6></userMonth_6><userMonth_7></userMonth_7><userMonth_8></userMonth_8><userMonth_9></userMonth_9><userMonth_10></userMonth_10><userMonth_11></userMonth_11><userMonth_12></userMonth_12><dateRangeDelimit1>-</dateRangeDelimit1><dateRangeDelimit2>-</dateRangeDelimit2><dateRangeSameMonth>1</dateRangeSameMonth></common><resource name="genericBook"><creator><dependentPre></dependentPre><dependentPreAlternative></dependentPreAlternative><dependentPostAlternative></dependentPostAlternative><singular></singular><plural></plural><pre></pre><post>. </post></creator><title><dependentPre></dependentPre><dependentPreAlternative></dependentPreAlternative><dependentPostAlternative></dependentPostAlternative><singular></singular><plural></plural><pre>[i]</pre><post>[/i]. </post></title><publisherLocation><dependentPre></dependentPre><dependentPreAlternative></dependentPreAlternative><dependentPostAlternative></dependentPostAlternative><singular></singular><plural></plural><pre></pre><post>: </post></publisherLocation><publisherName><dependentPre></dependentPre><dependentPreAlternative></dependentPreAlternative><dependentPostAlternative></dependentPostAlternative><singular></singular><plural></plural><pre></pre><post></post></publisherName><publicationYear><dependentPre></dependentPre><dependentPreAlternative></dependentPreAlternative><dependentPostAlternative></dependentPostAlternative><singular></singular><plural></plural><pre>, </pre><post></post></publicationYear><ultimate>.</ultimate></resource><resource name="genericArticle"><creator><dependentPre></dependentPre><dependentPreAlternative></dependentPreAlternative><dependentPostAlternative></dependentPostAlternative><singular></singular><plural></plural><pre></pre><post>. </post></creator><title><dependentPre></dependentPre><dependentPreAlternative></dependentPreAlternative><dependentPostAlternative></dependentPostAlternative><singular></singular><plural></plural><pre>[i]</pre><post>[/i]. </post></title><editor><dependentPre></dependentPre><dependentPreAlternative></dependentPreAlternative><dependentPostAlternative></dependentPostAlternative><singular>`editor`</singular><plural>`editors`</plural><pre>In: </pre><post>, __SINGULAR_PLURAL__. </post></editor><collection><dependentPre></dependentPre><dependentPreAlternative>In: </dependentPreAlternative><dependentPostAlternative></dependentPostAlternative><singular></singular><plural></plural><pre>__DEPENDENT_ON_PREVIOUS_FIELD__[i]</pre><post>[/i]. </post></collection><publisherLocation><dependentPre></dependentPre><dependentPreAlternative></dependentPreAlternative><dependentPostAlternative></dependentPostAlternative><singular></singular><plural></plural><pre></pre><post>: </post></publisherLocation><publisherName><dependentPre></dependentPre><dependentPreAlternative></dependentPreAlternative><dependentPostAlternative></dependentPostAlternative><singular></singular><plural></plural><pre></pre><post></post></publisherName><publicationYear><dependentPre></dependentPre><dependentPreAlternative></dependentPreAlternative><dependentPostAlternative></dependentPostAlternative><singular></singular><plural></plural><pre>, </pre><post></post></publicationYear><pages><dependentPre>:</dependentPre><dependentPreAlternative>, </dependentPreAlternative><dependentPostAlternative></dependentPostAlternative><singular></singular><plural></plural><pre>__DEPENDENT_ON_PREVIOUS_FIELD__</pre><post></post></pages><ultimate>.</ultimate></resource><resource name="genericMisc"><creator><dependentPre></dependentPre><dependentPreAlternative></dependentPreAlternative><dependentPostAlternative></dependentPostAlternative><singular></singular><plural></plural><pre></pre><post>. </post></creator><title><dependentPre></dependentPre><dependentPreAlternative></dependentPreAlternative><dependentPostAlternative></dependentPostAlternative><singular></singular><plural></plural><pre>[i]</pre><post>[/i]. </post></title><type><dependentPre></dependentPre><dependentPreAlternative></dependentPreAlternative><dependentPostAlternative></dependentPostAlternative><singular></singular><plural></plural><pre>[</pre><post>] </post></type><publisherLocation><dependentPre></dependentPre><dependentPreAlternative></dependentPreAlternative><dependentPostAlternative></dependentPostAlternative><singular></singular><plural></plural><pre></pre><post>: </post></publisherLocation><publisherName><dependentPre></dependentPre><dependentPreAlternative></dependentPreAlternative><dependentPostAlternative></dependentPostAlternative><singular></singular><plural></plural><pre></pre><post></post></publisherName><publicationYear><dependentPre>, </dependentPre><dependentPreAlternative></dependentPreAlternative><dependentPostAlternative></dependentPostAlternative><singular></singular><plural></plural><pre>__DEPENDENT_ON_PREVIOUS_FIELD__</pre><post></post></publicationYear><date><dependentPre></dependentPre><dependentPreAlternative></dependentPreAlternative><dependentPostAlternative></dependentPostAlternative><singular></singular><plural></plural><pre> </pre><post></post></date><ultimate>.</ultimate></resource><resource name="book"><author><dependentPre></dependentPre><dependentPreAlternative></dependentPreAlternative><dependentPostAlternative></dependentPostAlternative><singular></singular><plural></plural><pre></pre><post>. </post></author><title><dependentPre></dependentPre><dependentPreAlternative></dependentPreAlternative><dependentPostAlternative></dependentPostAlternative><singular></singular><plural></plural><pre>[i]</pre><post>[/i]. </post></title><edition><dependentPre></dependentPre><dependentPreAlternative></dependentPreAlternative><dependentPostAlternative></dependentPostAlternative><singular></singular><plural></plural><pre></pre><post> ed. </post></edition><publisherLocation><dependentPre></dependentPre><dependentPreAlternative></dependentPreAlternative><dependentPostAlternative></dependentPostAlternative><singular></singular><plural></plural><pre></pre><post>: </post></publisherLocation><publisherName><dependentPre></dependentPre><dependentPreAlternative></dependentPreAlternative><dependentPostAlternative></dependentPostAlternative><singular></singular><plural></plural><pre></pre><post></post></publisherName><publicationYear><dependentPre>, </dependentPre><dependentPreAlternative></dependentPreAlternative><dependentPostAlternative></dependentPostAlternative><singular></singular><plural></plural><pre>__DEPENDENT_ON_PREVIOUS_FIELD__</pre><post></post></publicationYear><ultimate>.</ultimate></resource><resource name="book_article"><author><dependentPre></dependentPre><dependentPreAlternative></dependentPreAlternative><dependentPostAlternative></dependentPostAlternative><singular></singular><plural></plural><pre></pre><post>. </post></author><title><dependentPre></dependentPre><dependentPreAlternative></dependentPreAlternative><dependentPostAlternative></dependentPostAlternative><singular></singular><plural></plural><pre></pre><post>. </post></title><editor><dependentPre></dependentPre><dependentPreAlternative></dependentPreAlternative><dependentPostAlternative></dependentPostAlternative><singular>`editor`</singular><plural>`editors`</plural><pre>In: </pre><post>, __SINGULAR_PLURAL__. </post></editor><book><dependentPre></dependentPre><dependentPreAlternative>In: </dependentPreAlternative><dependentPostAlternative></dependentPostAlternative><singular></singular><plural></plural><pre>__DEPENDENT_ON_PREVIOUS_FIELD__[i]</pre><post>[/i]. </post></book><edition><dependentPre></dependentPre><dependentPreAlternative></dependentPreAlternative><dependentPostAlternative></dependentPostAlternative><singular></singular><plural></plural><pre></pre><post> ed. </post></edition><publisherLocation><dependentPre></dependentPre><dependentPreAlternative></dependentPreAlternative><dependentPostAlternative></dependentPostAlternative><singular></singular><plural></plural><pre></pre><post>: </post></publisherLocation><publisherName><dependentPre></dependentPre><dependentPreAlternative></dependentPreAlternative><dependentPostAlternative></dependentPostAlternative><singular></singular><plural></plural><pre></pre><post></post></publisherName><publicationYear><dependentPre>, </dependentPre><dependentPreAlternative></dependentPreAlternative><dependentPostAlternative></dependentPostAlternative><singular></singular><plural></plural><pre>__DEPENDENT_ON_PREVIOUS_FIELD__</pre><post></post></publicationYear><pages><dependentPre>:</dependentPre><dependentPreAlternative>, </dependentPreAlternative><dependentPostAlternative></dependentPostAlternative><singular></singular><plural></plural><pre>__DEPENDENT_ON_PREVIOUS_FIELD__</pre><post></post></pages><ultimate>.</ultimate></resource><resource name="journal_article"><author><dependentPre></dependentPre><dependentPreAlternative></dependentPreAlternative><dependentPostAlternative></dependentPostAlternative><singular></singular><plural></plural><pre></pre><post>. </post></author><title><dependentPre></dependentPre><dependentPreAlternative></dependentPreAlternative><dependentPostAlternative></dependentPostAlternative><singular></singular><plural></plural><pre></pre><post>. </post></title><journal><dependentPre></dependentPre><dependentPreAlternative></dependentPreAlternative><dependentPostAlternative></dependentPostAlternative><singular></singular><plural></plural><pre>[i]</pre><post>[/i] </post></journal><publicationYear><dependentPre></dependentPre><dependentPreAlternative></dependentPreAlternative><dependentPostAlternative></dependentPostAlternative><singular></singular><plural></plural><pre></pre><post></post></publicationYear><volume><dependentPre></dependentPre><dependentPreAlternative></dependentPreAlternative><dependentPostAlternative></dependentPostAlternative><singular></singular><plural></plural><pre>;</pre><post></post></volume><issue><dependentPre></dependentPre><dependentPreAlternative></dependentPreAlternative><dependentPostAlternative></dependentPostAlternative><singular></singular><plural></plural><pre>(</pre><post>)</post></issue><pages><dependentPre></dependentPre><dependentPreAlternative></dependentPreAlternative><dependentPostAlternative></dependentPostAlternative><singular></singular><plural></plural><pre>:</pre><post></post></pages><ultimate>.</ultimate></resource><resource name="newspaper_article"><author><dependentPre></dependentPre><dependentPreAlternative></dependentPreAlternative><dependentPostAlternative></dependentPostAlternative><singular></singular><plural></plural><pre></pre><post>. </post></author><title><dependentPre></dependentPre><dependentPreAlternative></dependentPreAlternative><dependentPostAlternative></dependentPostAlternative><singular></singular><plural></plural><pre></pre><post>. </post></title><newspaper><dependentPre></dependentPre><dependentPreAlternative></dependentPreAlternative><dependentPostAlternative></dependentPostAlternative><singular></singular><plural></plural><pre>[i]</pre><post>[/i]</post></newspaper><issueYear><dependentPre></dependentPre><dependentPreAlternative></dependentPreAlternative><dependentPostAlternative></dependentPostAlternative><singular></singular><plural></plural><pre> </pre><post></post></issueYear><issueDate><dependentPre></dependentPre><dependentPreAlternative></dependentPreAlternative><dependentPostAlternative></dependentPostAlternative><singular></singular><plural></plural><pre> </pre><post></post></issueDate><pages><dependentPre></dependentPre><dependentPreAlternative></dependentPreAlternative><dependentPostAlternative></dependentPostAlternative><singular></singular><plural></plural><pre>;</pre><post></post></pages><ultimate>.</ultimate></resource><resource name="magazine_article"><fallbackstyle>genericArticle</fallbackstyle></resource><resource name="proceedings"><fallbackstyle>genericBook</fallbackstyle></resource><resource name="conference_paper"><fallbackstyle>genericBook</fallbackstyle></resource><resource name="proceedings_article"><author><dependentPre></dependentPre><dependentPreAlternative></dependentPreAlternative><dependentPostAlternative></dependentPostAlternative><singular></singular><plural></plural><pre></pre><post>. </post></author><title><dependentPre></dependentPre><dependentPreAlternative></dependentPreAlternative><dependentPostAlternative></dependentPostAlternative><singular></singular><plural></plural><pre></pre><post>. </post></title><conference><dependentPre></dependentPre><dependentPreAlternative></dependentPreAlternative><dependentPostAlternative></dependentPostAlternative><singular></singular><plural></plural><pre></pre><post>: </post></conference><conferenceYear><dependentPre></dependentPre><dependentPreAlternative></dependentPreAlternative><dependentPostAlternative></dependentPostAlternative><singular></singular><plural></plural><pre></pre><post> </post></conferenceYear><conferenceDate><dependentPre></dependentPre><dependentPreAlternative></dependentPreAlternative><dependentPostAlternative></dependentPostAlternative><singular></singular><plural></plural><pre></pre><post>; </post></conferenceDate><conferenceLocation><dependentPre></dependentPre><dependentPreAlternative></dependentPreAlternative><dependentPostAlternative></dependentPostAlternative><singular></singular><plural></plural><pre></pre><post>. </post></conferenceLocation><conferenceOrganiser><dependentPre></dependentPre><dependentPreAlternative></dependentPreAlternative><dependentPostAlternative></dependentPostAlternative><singular></singular><plural></plural><pre></pre><post></post></conferenceOrganiser><ultimate>.</ultimate></resource><resource name="thesis"><author><dependentPre></dependentPre><dependentPreAlternative></dependentPreAlternative><dependentPostAlternative></dependentPostAlternative><singular></singular><plural></plural><pre></pre><post>. </post></author><title><dependentPre></dependentPre><dependentPreAlternative></dependentPreAlternative><dependentPostAlternative></dependentPostAlternative><singular></singular><plural></plural><pre></pre><post> </post></title><type><dependentPre></dependentPre><dependentPreAlternative></dependentPreAlternative><dependentPostAlternative></dependentPostAlternative><singular></singular><plural></plural><pre></pre><post></post></type><label><dependentPre></dependentPre><dependentPreAlternative></dependentPreAlternative><dependentPostAlternative></dependentPostAlternative><singular></singular><plural></plural><pre> </pre><post></post></label><institution><dependentPre></dependentPre><dependentPreAlternative></dependentPreAlternative><dependentPostAlternative></dependentPostAlternative><singular></singular><plural></plural><pre>. </pre><post></post></institution><awardYear><dependentPre></dependentPre><dependentPreAlternative></dependentPreAlternative><dependentPostAlternative></dependentPostAlternative><singular></singular><plural></plural><pre>, </pre><post></post></awardYear><ultimate>.</ultimate><independent><independent_2>[</independent_2><independent_3>]</independent_3></independent></resource><resource name="web_article"><fallbackstyle>genericBook</fallbackstyle></resource><resource name="film"><fallbackstyle>genericBook</fallbackstyle></resource><resource name="broadcast"><fallbackstyle>genericBook</fallbackstyle></resource><resource name="music_album"><fallbackstyle>genericBook</fallbackstyle></resource><resource name="music_track"><fallbackstyle>genericArticle</fallbackstyle></resource><resource name="music_score"><fallbackstyle>genericBook</fallbackstyle></resource><resource name="artwork"><fallbackstyle>genericBook</fallbackstyle></resource><resource name="software"><title><dependentPre></dependentPre><dependentPreAlternative></dependentPreAlternative><dependentPostAlternative></dependentPostAlternative><singular></singular><plural></plural><pre></pre><post> [Computer program]. </post></title><version><dependentPre></dependentPre><dependentPreAlternative></dependentPreAlternative><dependentPostAlternative></dependentPostAlternative><singular></singular><plural></plural><pre>`version` </pre><post>. </post></version><publisherLocation><dependentPre></dependentPre><dependentPreAlternative></dependentPreAlternative><dependentPostAlternative></dependentPostAlternative><singular></singular><plural></plural><pre></pre><post>: </post></publisherLocation><publisherName><dependentPre></dependentPre><dependentPreAlternative></dependentPreAlternative><dependentPostAlternative></dependentPostAlternative><singular></singular><plural></plural><pre></pre><post></post></publisherName><publicationYear><dependentPre>, </dependentPre><dependentPreAlternative></dependentPreAlternative><dependentPostAlternative></dependentPostAlternative><singular></singular><plural></plural><pre>__DEPENDENT_ON_PREVIOUS_FIELD__</pre><post></post></publicationYear><ultimate>.</ultimate><independent><independent_2>[</independent_2><independent_3>]</independent_3></independent></resource><resource name="audiovisual"><author><dependentPre></dependentPre><dependentPreAlternative></dependentPreAlternative><dependentPostAlternative></dependentPostAlternative><singular></singular><plural></plural><pre></pre><post>. </post></author><title><dependentPre></dependentPre><dependentPost> </dependentPost><dependentPreAlternative></dependentPreAlternative><dependentPostAlternative>. </dependentPostAlternative><singular></singular><plural></plural><pre></pre><post>__DEPENDENT_ON_NEXT_FIELD__</post></title><medium><dependentPre></dependentPre><dependentPreAlternative></dependentPreAlternative><dependentPostAlternative></dependentPostAlternative><singular></singular><plural></plural><pre>[</pre><post>]. </post></medium><publisherLocation><dependentPre></dependentPre><dependentPreAlternative></dependentPreAlternative><dependentPostAlternative></dependentPostAlternative><singular></singular><plural></plural><pre></pre><post>: </post></publisherLocation><publisherName><dependentPre></dependentPre><dependentPreAlternative></dependentPreAlternative><dependentPostAlternative></dependentPostAlternative><singular></singular><plural></plural><pre></pre><post></post></publisherName><publicationYear><dependentPre>, </dependentPre><dependentPreAlternative></dependentPreAlternative><dependentPostAlternative></dependentPostAlternative><singular></singular><plural></plural><pre>__DEPENDENT_ON_PREVIOUS_FIELD__</pre><post></post></publicationYear><ultimate>.</ultimate><independent><independent_2>[</independent_2><independent_3>]</independent_3></independent></resource><resource name="database"><fallbackstyle>genericBook</fallbackstyle></resource><resource name="government_report"><fallbackstyle>genericMisc</fallbackstyle></resource><resource name="report"><fallbackstyle>genericMisc</fallbackstyle></resource><resource name="hearing"><fallbackstyle>genericMisc</fallbackstyle></resource><resource name="statute"><fallbackstyle>genericMisc</fallbackstyle></resource><resource name="legal_ruling"><fallbackstyle>genericMisc</fallbackstyle></resource><resource name="case"><fallbackstyle>genericMisc</fallbackstyle></resource><resource name="bill"><fallbackstyle>genericMisc</fallbackstyle></resource><resource name="patent"><inventor><dependentPre></dependentPre><dependentPreAlternative></dependentPreAlternative><dependentPostAlternative></dependentPostAlternative><singular></singular><plural></plural><pre>[b]</pre><post>[/b]. </post></inventor><issueDate><dependentPre></dependentPre><dependentPost> </dependentPost><dependentPreAlternative></dependentPreAlternative><dependentPostAlternative>. </dependentPostAlternative><singular></singular><plural></plural><pre></pre><post>__DEPENDENT_ON_NEXT_FIELD__</post></issueDate><issueYear><dependentPre></dependentPre><dependentPreAlternative></dependentPreAlternative><dependentPostAlternative></dependentPostAlternative><singular></singular><plural></plural><pre></pre><post>. </post></issueYear><assigneeLocation><dependentPre></dependentPre><dependentPreAlternative></dependentPreAlternative><dependentPostAlternative></dependentPostAlternative><singular></singular><plural></plural><pre></pre><post> </post></assigneeLocation><patentNumber><dependentPre></dependentPre><dependentPreAlternative></dependentPreAlternative><dependentPostAlternative></dependentPostAlternative><singular></singular><plural></plural><pre> patent </pre><post></post></patentNumber><ultimate>.</ultimate><independent><independent_2>[</independent_2><independent_3>]</independent_3></independent></resource><resource name="personal"><fallbackstyle>genericBook</fallbackstyle></resource><resource name="unpublished"><fallbackstyle>genericBook</fallbackstyle></resource><resource name="classical"><fallbackstyle>genericBook</fallbackstyle></resource><resource name="manuscript"><fallbackstyle>genericArticle</fallbackstyle></resource><resource name="map"><cartographer><dependentPre></dependentPre><dependentPreAlternative></dependentPreAlternative><dependentPostAlternative></dependentPostAlternative><singular></singular><plural></plural><pre></pre><post>. </post></cartographer><title><dependentPre></dependentPre><dependentPost> </dependentPost><dependentPreAlternative></dependentPreAlternative><dependentPostAlternative>. </dependentPostAlternative><singular></singular><plural></plural><pre></pre><post>__DEPENDENT_ON_NEXT_FIELD__</post></title><type><dependentPre></dependentPre><dependentPreAlternative></dependentPreAlternative><dependentPostAlternative></dependentPostAlternative><singular></singular><plural></plural><pre>[</pre><post>]. </post></type><publisherLocation><dependentPre></dependentPre><dependentPreAlternative></dependentPreAlternative><dependentPostAlternative></dependentPostAlternative><singular></singular><plural></plural><pre></pre><post>: </post></publisherLocation><publisherName><dependentPre></dependentPre><dependentPreAlternative></dependentPreAlternative><dependentPostAlternative></dependentPostAlternative><singular></singular><plural></plural><pre></pre><post></post></publisherName><publicationYear><dependentPre>, </dependentPre><dependentPreAlternative></dependentPreAlternative><dependentPostAlternative></dependentPostAlternative><singular></singular><plural></plural><pre>__DEPENDENT_ON_PREVIOUS_FIELD__</pre><post></post></publicationYear><ultimate>.</ultimate><independent><independent_2>[</independent_2><independent_4>]</independent_4></independent></resource><resource name="chart"><fallbackstyle>genericBook</fallbackstyle></resource><resource name="miscellaneous"><fallbackstyle>genericBook</fallbackstyle></resource></bibliography></style>