<?xml version="1.0" encoding="utf-8"?><style xml:lang="en"><info><name>MLA</name><description>Modern Language Association (MLA)</description><language>English</language><osbibVersion>2.0</osbibVersion></info><citation><creatorStyle>3</creatorStyle><creatorOtherStyle>0</creatorOtherStyle><creatorInitials>0</creatorInitials><creatorFirstName>0</creatorFirstName><twoCreatorsSep> and </twoCreatorsSep><creatorSepFirstBetween>, </creatorSepFirstBetween><creatorListSubsequentAbbreviation> et al.</creatorListSubsequentAbbreviation><creatorSepNextBetween>, </creatorSepNextBetween><creatorSepNextLast> and </creatorSepNextLast><creatorList>1</creatorList><creatorListMore>4</creatorListMore><creatorListLimit>1</creatorListLimit><creatorListAbbreviation> et al.</creatorListAbbreviation><creatorListSubsequent>1</creatorListSubsequent><creatorListSubsequentMore>4</creatorListSubsequentMore><creatorListSubsequentLimit>1</creatorListSubsequentLimit><consecutiveCreator>0</consecutiveCreator><consecutiveCreatorSep></consecutiveCreatorSep><template>(|creator|% %pages|)</template><consecutiveCitationSep>; </consecutiveCitationSep><yearFormat>0</yearFormat><pageFormat>1</pageFormat><ambiguousName>on</ambiguousName><ambiguousMore>on</ambiguousMore><ambiguousTitle>on</ambiguousTitle><ibid></ibid><idem></idem><opCit></opCit><ambiguousNameFormat>1</ambiguousNameFormat><ambiguousYearFormat>0</ambiguousYearFormat><footnotePagePosition>1</footnotePagePosition><footnotePageTemplate></footnotePageTemplate><footnoteStyle>0</footnoteStyle></citation><bibliography><common><titleCapitalization>0</titleCapitalization><primaryCreatorFirstStyle>1</primaryCreatorFirstStyle><primaryCreatorOtherStyle>0</primaryCreatorOtherStyle><primaryCreatorInitials>0</primaryCreatorInitials><primaryCreatorFirstName>0</primaryCreatorFirstName><otherCreatorFirstStyle>0</otherCreatorFirstStyle><otherCreatorOtherStyle>0</otherCreatorOtherStyle><otherCreatorInitials>0</otherCreatorInitials><dayFormat>0</dayFormat><otherCreatorFirstName>0</otherCreatorFirstName><primaryCreatorList>1</primaryCreatorList><otherCreatorList>1</otherCreatorList><monthFormat>0</monthFormat><editionFormat>1</editionFormat><primaryCreatorListMore>4</primaryCreatorListMore><primaryCreatorListLimit>1</primaryCreatorListLimit><dateFormat>0</dateFormat><primaryCreatorListAbbreviation>, et al.</primaryCreatorListAbbreviation><otherCreatorListMore>4</otherCreatorListMore><runningTimeFormat>0</runningTimeFormat><primaryCreatorRepeatString>---</primaryCreatorRepeatString><primaryCreatorRepeat>2</primaryCreatorRepeat><otherCreatorListLimit>1</otherCreatorListLimit><otherCreatorListAbbreviation>, et al.</otherCreatorListAbbreviation><pageFormat>1</pageFormat><editorSwitch>1</editorSwitch><editorSwitchIfYes>editor, ^ed.^eds.^ </editorSwitchIfYes><primaryCreatorSepFirstBetween>, </primaryCreatorSepFirstBetween><primaryCreatorSepNextBetween>, </primaryCreatorSepNextBetween><primaryCreatorSepNextLast>, and </primaryCreatorSepNextLast><otherCreatorSepFirstBetween>, </otherCreatorSepFirstBetween><otherCreatorSepNextBetween>, </otherCreatorSepNextBetween><otherCreatorSepNextLast> and </otherCreatorSepNextLast><primaryTwoCreatorsSep> and </primaryTwoCreatorsSep><otherTwoCreatorsSep> and </otherTwoCreatorsSep><userMonth_1></userMonth_1><userMonth_2></userMonth_2><userMonth_3></userMonth_3><userMonth_4></userMonth_4><userMonth_5></userMonth_5><userMonth_6></userMonth_6><userMonth_7></userMonth_7><userMonth_8></userMonth_8><userMonth_9></userMonth_9><userMonth_10></userMonth_10><userMonth_11></userMonth_11><userMonth_12></userMonth_12><dateRangeDelimit1>-</dateRangeDelimit1><dateRangeDelimit2>-</dateRangeDelimit2><dateRangeSameMonth>1</dateRangeSameMonth></common><resource name="genericBook"><creator><dependentPre></dependentPre><dependentPreAlternative></dependentPreAlternative><dependentPostAlternative></dependentPostAlternative><singular></singular><plural></plural><pre></pre><post>. </post></creator><title><dependentPre></dependentPre><dependentPreAlternative></dependentPreAlternative><dependentPostAlternative></dependentPostAlternative><singular></singular><plural></plural><pre></pre><post>. </post></title><editor><dependentPre></dependentPre><dependentPreAlternative></dependentPreAlternative><dependentPostAlternative></dependentPostAlternative><singular>Ed.</singular><plural>Eds.</plural><pre>__SINGULAR_PLURAL__ </pre><post>. </post></editor><publisherLocation><dependentPre></dependentPre><dependentPost>: </dependentPost><dependentPreAlternative></dependentPreAlternative><dependentPostAlternative></dependentPostAlternative><singular></singular><plural></plural><pre></pre><post>__DEPENDENT_ON_NEXT_FIELD__</post></publisherLocation><publisherName><dependentPre></dependentPre><dependentPreAlternative></dependentPreAlternative><dependentPostAlternative></dependentPostAlternative><singular></singular><plural></plural><pre></pre><post>, </post></publisherName><publicationYear><dependentPre></dependentPre><dependentPreAlternative></dependentPreAlternative><dependentPostAlternative></dependentPostAlternative><singular></singular><plural></plural><pre></pre><post></post></publicationYear><ultimate>.</ultimate></resource><resource name="genericArticle"><creator><dependentPre></dependentPre><dependentPreAlternative></dependentPreAlternative><dependentPostAlternative></dependentPostAlternative><singular></singular><plural></plural><pre></pre><post>. </post></creator><title><dependentPre></dependentPre><dependentPreAlternative></dependentPreAlternative><dependentPostAlternative></dependentPostAlternative><singular></singular><plural></plural><pre>&quot;</pre><post>.&quot; </post></title><collection><dependentPre></dependentPre><dependentPreAlternative></dependentPreAlternative><dependentPostAlternative></dependentPostAlternative><singular></singular><plural></plural><pre></pre><post>. </post></collection><editor><dependentPre></dependentPre><dependentPreAlternative></dependentPreAlternative><dependentPostAlternative></dependentPostAlternative><singular>Ed.</singular><plural>Eds.</plural><pre>__SINGULAR_PLURAL__ </pre><post>. </post></editor><publisherLocation><dependentPre></dependentPre><dependentPreAlternative></dependentPreAlternative><dependentPostAlternative></dependentPostAlternative><singular></singular><plural></plural><pre></pre><post>: </post></publisherLocation><publisherName><dependentPre></dependentPre><dependentPreAlternative></dependentPreAlternative><dependentPostAlternative></dependentPostAlternative><singular></singular><plural></plural><pre></pre><post>, </post></publisherName><date><dependentPre></dependentPre><dependentPreAlternative></dependentPreAlternative><dependentPostAlternative></dependentPostAlternative><singular></singular><plural></plural><pre></pre><post> </post></date><publicationYear><dependentPre></dependentPre><dependentPreAlternative></dependentPreAlternative><dependentPostAlternative></dependentPostAlternative><singular></singular><plural></plural><pre></pre><post>. </post></publicationYear><pages><dependentPre></dependentPre><dependentPreAlternative></dependentPreAlternative><dependentPostAlternative></dependentPostAlternative><singular></singular><plural></plural><pre></pre><post></post></pages><ultimate>.</ultimate></resource><resource name="genericMisc"><creator><dependentPre></dependentPre><dependentPreAlternative></dependentPreAlternative><dependentPostAlternative></dependentPostAlternative><singular></singular><plural></plural><pre></pre><post>. </post></creator><title><dependentPre></dependentPre><dependentPreAlternative></dependentPreAlternative><dependentPostAlternative></dependentPostAlternative><singular></singular><plural></plural><pre></pre><post>. </post></title><type><dependentPre></dependentPre><dependentPreAlternative></dependentPreAlternative><dependentPostAlternative></dependentPostAlternative><singular></singular><plural></plural><pre></pre><post> </post></type><publisherLocation><dependentPre></dependentPre><dependentPost>: </dependentPost><dependentPreAlternative></dependentPreAlternative><dependentPostAlternative></dependentPostAlternative><singular></singular><plural></plural><pre></pre><post>__DEPENDENT_ON_NEXT_FIELD__</post></publisherLocation><publisherName><dependentPre></dependentPre><dependentPreAlternative></dependentPreAlternative><dependentPostAlternative></dependentPostAlternative><singular></singular><plural></plural><pre></pre><post>, </post></publisherName><date><dependentPre></dependentPre><dependentPreAlternative></dependentPreAlternative><dependentPostAlternative></dependentPostAlternative><singular></singular><plural></plural><pre></pre><post> </post></date><publicationYear><dependentPre></dependentPre><dependentPreAlternative></dependentPreAlternative><dependentPostAlternative></dependentPostAlternative><singular></singular><plural></plural><pre></pre><post></post></publicationYear><ultimate>.</ultimate></resource><resource name="book"><author><dependentPre></dependentPre><dependentPreAlternative></dependentPreAlternative><dependentPostAlternative></dependentPostAlternative><singular></singular><plural></plural><pre></pre><post>. </post></author><title><dependentPre></dependentPre><dependentPreAlternative></dependentPreAlternative><dependentPostAlternative></dependentPostAlternative><singular></singular><plural></plural><pre></pre><post>. </post></title><translator><dependentPre></dependentPre><dependentPreAlternative></dependentPreAlternative><dependentPostAlternative></dependentPostAlternative><singular></singular><plural></plural><pre>trans. </pre><post>. </post></translator><seriesTitle><dependentPre></dependentPre><dependentPreAlternative></dependentPreAlternative><dependentPostAlternative></dependentPostAlternative><singular></singular><plural></plural><pre></pre><post>. </post></seriesTitle><editor><dependentPre></dependentPre><dependentPreAlternative></dependentPreAlternative><dependentPostAlternative></dependentPostAlternative><singular>Ed.</singular><plural>Eds.</plural><pre>__SINGULAR_PLURAL__ </pre><post>. </post></editor><edition><dependentPre></dependentPre><dependentPreAlternative></dependentPreAlternative><dependentPostAlternative></dependentPostAlternative><singular></singular><plural></plural><pre></pre><post> ed. </post></edition><volumeNumber><dependentPre></dependentPre><dependentPreAlternative></dependentPreAlternative><dependentPostAlternative></dependentPostAlternative><singular></singular><plural></plural><pre>Vol. </pre><post>. </post></volumeNumber><numberOfVolumes><dependentPre></dependentPre><dependentPreAlternative></dependentPreAlternative><dependentPostAlternative></dependentPostAlternative><singular></singular><plural></plural><pre></pre><post> vols. </post></numberOfVolumes><publisherLocation><dependentPre></dependentPre><dependentPost>: </dependentPost><dependentPreAlternative></dependentPreAlternative><dependentPostAlternative></dependentPostAlternative><singular></singular><plural></plural><pre></pre><post>__DEPENDENT_ON_NEXT_FIELD__</post></publisherLocation><publisherName><dependentPre></dependentPre><dependentPreAlternative></dependentPreAlternative><dependentPostAlternative></dependentPostAlternative><singular></singular><plural></plural><pre></pre><post>, </post></publisherName><publicationYear><dependentPre></dependentPre><dependentPreAlternative></dependentPreAlternative><dependentPostAlternative></dependentPostAlternative><singular></singular><plural></plural><pre></pre><post></post></publicationYear><ultimate>.</ultimate></resource><resource name="book_article"><author><dependentPre></dependentPre><dependentPreAlternative></dependentPreAlternative><dependentPostAlternative></dependentPostAlternative><singular></singular><plural></plural><pre></pre><post>. </post></author><title><dependentPre></dependentPre><dependentPreAlternative></dependentPreAlternative><dependentPostAlternative></dependentPostAlternative><singular></singular><plural></plural><pre>&quot;</pre><post>.&quot; </post></title><translator><dependentPre></dependentPre><dependentPreAlternative></dependentPreAlternative><dependentPostAlternative></dependentPostAlternative><singular></singular><plural></plural><pre>Trans. </pre><post>. </post></translator><book><dependentPre></dependentPre><dependentPreAlternative></dependentPreAlternative><dependentPostAlternative></dependentPostAlternative><singular></singular><plural></plural><pre></pre><post>. </post></book><editor><dependentPre></dependentPre><dependentPreAlternative></dependentPreAlternative><dependentPostAlternative></dependentPostAlternative><singular>Ed.</singular><plural>Eds.</plural><pre>__SINGULAR_PLURAL__ </pre><post>. </post></editor><edition><dependentPre></dependentPre><dependentPreAlternative></dependentPreAlternative><dependentPostAlternative></dependentPostAlternative><singular></singular><plural></plural><pre></pre><post> ed. </post></edition><volumeNumber><dependentPre></dependentPre><dependentPreAlternative></dependentPreAlternative><dependentPostAlternative></dependentPostAlternative><singular></singular><plural></plural><pre>Vol. </pre><post>. </post></volumeNumber><seriesTitle><dependentPre></dependentPre><dependentPreAlternative></dependentPreAlternative><dependentPostAlternative></dependentPostAlternative><singular></singular><plural></plural><pre></pre><post>. </post></seriesTitle><publisherLocation><dependentPre></dependentPre><dependentPreAlternative></dependentPreAlternative><dependentPostAlternative></dependentPostAlternative><singular></singular><plural></plural><pre></pre><post>: </post></publisherLocation><publisherName><dependentPre></dependentPre><dependentPreAlternative></dependentPreAlternative><dependentPostAlternative></dependentPostAlternative><singular></singular><plural></plural><pre></pre><post>, </post></publisherName><publicationYear><dependentPre></dependentPre><dependentPreAlternative></dependentPreAlternative><dependentPostAlternative></dependentPostAlternative><singular></singular><plural></plural><pre></pre><post>. </post></publicationYear><pages><dependentPre></dependentPre><dependentPreAlternative></dependentPreAlternative><dependentPostAlternative></dependentPostAlternative><singular></singular><plural></plural><pre></pre><post></post></pages><ultimate>.</ultimate></resource><resource name="journal_article"><author><dependentPre></dependentPre><dependentPreAlternative></dependentPreAlternative><dependentPostAlternative></dependentPostAlternative><singular></singular><plural></plural><pre></pre><post>. </post></author><title><dependentPre></dependentPre><dependentPreAlternative></dependentPreAlternative><dependentPostAlternative></dependentPostAlternative><singular></singular><plural></plural><pre>&quot;</pre><post>.&quot; </post></title><journal><dependentPre></dependentPre><dependentPreAlternative></dependentPreAlternative><dependentPostAlternative></dependentPostAlternative><singular></singular><plural></plural><pre>[u]</pre><post>[/u] </post></journal><volume><dependentPre></dependentPre><dependentPost>.</dependentPost><dependentPreAlternative></dependentPreAlternative><dependentPostAlternative> </dependentPostAlternative><singular></singular><plural></plural><pre></pre><post>__DEPENDENT_ON_NEXT_FIELD__</post></volume><issue><dependentPre></dependentPre><dependentPreAlternative></dependentPreAlternative><dependentPostAlternative></dependentPostAlternative><singular></singular><plural></plural><pre></pre><post> </post></issue><publicationYear><dependentPre></dependentPre><dependentPost>: </dependentPost><dependentPreAlternative></dependentPreAlternative><dependentPostAlternative></dependentPostAlternative><singular></singular><plural></plural><pre>(</pre><post>)__DEPENDENT_ON_NEXT_FIELD__</post></publicationYear><pages><dependentPre></dependentPre><dependentPreAlternative></dependentPreAlternative><dependentPostAlternative></dependentPostAlternative><singular></singular><plural></plural><pre></pre><post></post></pages><ultimate>.</ultimate></resource><resource name="newspaper_article"><author><dependentPre></dependentPre><dependentPreAlternative></dependentPreAlternative><dependentPostAlternative></dependentPostAlternative><singular></singular><plural></plural><pre></pre><post>. </post></author><title><dependentPre></dependentPre><dependentPreAlternative></dependentPreAlternative><dependentPostAlternative></dependentPostAlternative><singular></singular><plural></plural><pre>&quot;</pre><post>.&quot; </post></title><newspaper><dependentPre></dependentPre><dependentPreAlternative></dependentPreAlternative><dependentPostAlternative></dependentPostAlternative><singular></singular><plural></plural><pre>[u]</pre><post>[/u]</post></newspaper><issueDate><dependentPre></dependentPre><dependentPreAlternative></dependentPreAlternative><dependentPostAlternative></dependentPostAlternative><singular></singular><plural></plural><pre> </pre><post> </post></issueDate><issueYear><dependentPre></dependentPre><dependentPreAlternative></dependentPreAlternative><dependentPostAlternative></dependentPostAlternative><singular></singular><plural></plural><pre> </pre><post></post></issueYear><section><dependentPre></dependentPre><dependentPreAlternative></dependentPreAlternative><dependentPostAlternative></dependentPostAlternative><singular></singular><plural></plural><pre>, sec. </pre><post></post></section><pages><dependentPre></dependentPre><dependentPreAlternative></dependentPreAlternative><dependentPostAlternative></dependentPostAlternative><singular></singular><plural></plural><pre>: </pre><post></post></pages><ultimate>.</ultimate></resource><resource name="magazine_article"><author><dependentPre></dependentPre><dependentPreAlternative></dependentPreAlternative><dependentPostAlternative></dependentPostAlternative><singular></singular><plural></plural><pre></pre><post>. </post></author><title><dependentPre></dependentPre><dependentPreAlternative></dependentPreAlternative><dependentPostAlternative></dependentPostAlternative><singular></singular><plural></plural><pre>&quot;</pre><post>.&quot; </post></title><magazine><dependentPre></dependentPre><dependentPreAlternative></dependentPreAlternative><dependentPostAlternative></dependentPostAlternative><singular></singular><plural></plural><pre>[u]</pre><post>[/u]</post></magazine><issueDate><dependentPre></dependentPre><dependentPreAlternative></dependentPreAlternative><dependentPostAlternative></dependentPostAlternative><singular></singular><plural></plural><pre> </pre><post></post></issueDate><issueYear><dependentPre></dependentPre><dependentPreAlternative></dependentPreAlternative><dependentPostAlternative></dependentPostAlternative><singular></singular><plural></plural><pre> </pre><post></post></issueYear><pages><dependentPre></dependentPre><dependentPreAlternative></dependentPreAlternative><dependentPostAlternative></dependentPostAlternative><singular></singular><plural></plural><pre>: </pre><post></post></pages><ultimate>.</ultimate></resource><resource name="proceedings"><fallbackstyle>genericBook</fallbackstyle></resource><resource name="conference_paper"><fallbackstyle>genericBook</fallbackstyle></resource><resource name="proceedings_article"><fallbackstyle>genericArticle</fallbackstyle></resource><resource name="thesis"><author><dependentPre></dependentPre><dependentPreAlternative></dependentPreAlternative><dependentPostAlternative></dependentPostAlternative><singular></singular><plural></plural><pre></pre><post>. </post></author><title><dependentPre></dependentPre><dependentPreAlternative></dependentPreAlternative><dependentPostAlternative></dependentPostAlternative><singular></singular><plural></plural><pre>&quot;</pre><post>.&quot; </post></title><type><dependentPre></dependentPre><dependentPreAlternative></dependentPreAlternative><dependentPostAlternative></dependentPostAlternative><singular></singular><plural></plural><pre></pre><post> </post></type><label><dependentPre></dependentPre><dependentPreAlternative></dependentPreAlternative><dependentPostAlternative></dependentPostAlternative><singular></singular><plural></plural><pre></pre><post>. </post></label><institution><dependentPre></dependentPre><dependentPreAlternative></dependentPreAlternative><dependentPostAlternative></dependentPostAlternative><singular></singular><plural></plural><pre></pre><post>, </post></institution><awardYear><dependentPre></dependentPre><dependentPreAlternative></dependentPreAlternative><dependentPostAlternative></dependentPostAlternative><singular></singular><plural></plural><pre></pre><post></post></awardYear><ultimate>.</ultimate></resource><resource name="web_article"><author><dependentPre></dependentPre><dependentPreAlternative></dependentPreAlternative><dependentPostAlternative></dependentPostAlternative><singular></singular><plural></plural><pre></pre><post>. </post></author><title><dependentPre></dependentPre><dependentPreAlternative></dependentPreAlternative><dependentPostAlternative></dependentPostAlternative><singular></singular><plural></plural><pre>&quot;</pre><post>&quot;. </post></title><journal><dependentPre></dependentPre><dependentPreAlternative></dependentPreAlternative><dependentPostAlternative></dependentPostAlternative><singular></singular><plural></plural><pre>[u]</pre><post>[/u] </post></journal><volume><dependentPre></dependentPre><dependentPost>.</dependentPost><dependentPreAlternative></dependentPreAlternative><dependentPostAlternative> </dependentPostAlternative><singular></singular><plural></plural><pre></pre><post>__DEPENDENT_ON_NEXT_FIELD__</post></volume><issue><dependentPre></dependentPre><dependentPreAlternative></dependentPreAlternative><dependentPostAlternative></dependentPostAlternative><singular></singular><plural></plural><pre></pre><post> </post></issue><publicationYear><dependentPre></dependentPre><dependentPreAlternative></dependentPreAlternative><dependentPostAlternative></dependentPostAlternative><singular></singular><plural></plural><pre></pre><post>. </post></publicationYear><accessDate><dependentPre></dependentPre><dependentPreAlternative></dependentPreAlternative><dependentPostAlternative></dependentPostAlternative><singular></singular><plural></plural><pre></pre><post> </post></accessDate><accessYear><dependentPre></dependentPre><dependentPreAlternative></dependentPreAlternative><dependentPostAlternative></dependentPostAlternative><singular></singular><plural></plural><pre></pre><post>. </post></accessYear><URL><dependentPre></dependentPre><dependentPreAlternative></dependentPreAlternative><dependentPostAlternative></dependentPostAlternative><singular></singular><plural></plural><pre>&lt;</pre><post>&gt;</post></URL><ultimate>.</ultimate></resource><resource name="film"><title><dependentPre></dependentPre><dependentPreAlternative></dependentPreAlternative><dependentPostAlternative></dependentPostAlternative><singular></singular><plural></plural><pre>[u]</pre><post>[/u]. </post></title><publicationYear><dependentPre></dependentPre><dependentPreAlternative></dependentPreAlternative><dependentPostAlternative></dependentPostAlternative><singular></singular><plural></plural><pre></pre><post>. </post></publicationYear><producer><dependentPre></dependentPre><dependentPreAlternative></dependentPreAlternative><dependentPostAlternative></dependentPostAlternative><singular></singular><plural></plural><pre></pre><post></post></producer><ultimate>.</ultimate></resource><resource name="broadcast"><fallbackstyle>genericBook</fallbackstyle></resource><resource name="music_album"><fallbackstyle>genericBook</fallbackstyle></resource><resource name="music_track"><fallbackstyle>genericArticle</fallbackstyle></resource><resource name="music_score"><fallbackstyle>genericBook</fallbackstyle></resource><resource name="artwork"><artist><dependentPre></dependentPre><dependentPreAlternative></dependentPreAlternative><dependentPostAlternative></dependentPostAlternative><singular></singular><plural></plural><pre></pre><post>. </post></artist><title><dependentPre></dependentPre><dependentPreAlternative></dependentPreAlternative><dependentPostAlternative></dependentPostAlternative><singular></singular><plural></plural><pre>[u]</pre><post>[/u]. </post></title><publicationYear><dependentPre></dependentPre><dependentPreAlternative></dependentPreAlternative><dependentPostAlternative></dependentPostAlternative><singular></singular><plural></plural><pre></pre><post>. </post></publicationYear><publisherName><dependentPre></dependentPre><dependentPreAlternative></dependentPreAlternative><dependentPostAlternative></dependentPostAlternative><singular></singular><plural></plural><pre></pre><post>, </post></publisherName><publisherLocation><dependentPre></dependentPre><dependentPreAlternative></dependentPreAlternative><dependentPostAlternative></dependentPostAlternative><singular></singular><plural></plural><pre></pre><post></post></publisherLocation><ultimate>.</ultimate></resource><resource name="software"><author><dependentPre></dependentPre><dependentPreAlternative></dependentPreAlternative><dependentPostAlternative></dependentPostAlternative><singular></singular><plural></plural><pre></pre><post>. </post></author><title><dependentPre></dependentPre><dependentPreAlternative></dependentPreAlternative><dependentPostAlternative></dependentPostAlternative><singular></singular><plural></plural><pre>[u]</pre><post>[/u]. Computer software. </post></title><publisherName><dependentPre></dependentPre><dependentPreAlternative></dependentPreAlternative><dependentPostAlternative></dependentPostAlternative><singular></singular><plural></plural><pre></pre><post>, </post></publisherName><publicationYear><dependentPre></dependentPre><dependentPreAlternative></dependentPreAlternative><dependentPostAlternative></dependentPostAlternative><singular></singular><plural></plural><pre></pre><post></post></publicationYear><ultimate>.</ultimate></resource><resource name="audiovisual"><author><dependentPre></dependentPre><dependentPreAlternative></dependentPreAlternative><dependentPostAlternative></dependentPostAlternative><singular></singular><plural></plural><pre></pre><post>. </post></author><title><dependentPre></dependentPre><dependentPreAlternative></dependentPreAlternative><dependentPostAlternative></dependentPostAlternative><singular></singular><plural></plural><pre>[u]</pre><post>[/u]. </post></title><medium><dependentPre></dependentPre><dependentPreAlternative></dependentPreAlternative><dependentPostAlternative></dependentPostAlternative><singular></singular><plural></plural><pre></pre><post>. </post></medium><publisherName><dependentPre></dependentPre><dependentPreAlternative></dependentPreAlternative><dependentPostAlternative></dependentPostAlternative><singular></singular><plural></plural><pre></pre><post>, </post></publisherName><publisherLocation><dependentPre></dependentPre><dependentPreAlternative></dependentPreAlternative><dependentPostAlternative></dependentPostAlternative><singular></singular><plural></plural><pre></pre><post>, </post></publisherLocation><publicationYear><dependentPre></dependentPre><dependentPreAlternative></dependentPreAlternative><dependentPostAlternative></dependentPostAlternative><singular></singular><plural></plural><pre></pre><post></post></publicationYear><ultimate>.</ultimate></resource><resource name="database"><fallbackstyle>genericBook</fallbackstyle></resource><resource name="government_report"><fallbackstyle>genericMisc</fallbackstyle></resource><resource name="report"><author><dependentPre></dependentPre><dependentPreAlternative></dependentPreAlternative><dependentPostAlternative></dependentPostAlternative><singular></singular><plural></plural><pre></pre><post>. </post></author><institution><dependentPre></dependentPre><dependentPreAlternative></dependentPreAlternative><dependentPostAlternative></dependentPostAlternative><singular></singular><plural></plural><pre></pre><post>, </post></institution><title><dependentPre></dependentPre><dependentPreAlternative></dependentPreAlternative><dependentPostAlternative></dependentPostAlternative><singular></singular><plural></plural><pre>[u]</pre><post>[/u]. </post></title><reportYear><dependentPre></dependentPre><dependentPreAlternative></dependentPreAlternative><dependentPostAlternative></dependentPostAlternative><singular></singular><plural></plural><pre></pre><post></post></reportYear><institutionLocation><dependentPre></dependentPre><dependentPreAlternative></dependentPreAlternative><dependentPostAlternative></dependentPostAlternative><singular></singular><plural></plural><pre> </pre><post></post></institutionLocation><ultimate>.</ultimate></resource><resource name="hearing"><fallbackstyle>genericMisc</fallbackstyle></resource><resource name="statute"><fallbackstyle>genericMisc</fallbackstyle></resource><resource name="legal_ruling"><fallbackstyle>genericMisc</fallbackstyle></resource><resource name="case"><title><dependentPre></dependentPre><dependentPreAlternative></dependentPreAlternative><dependentPostAlternative></dependentPostAlternative><singular></singular><plural></plural><pre></pre><post>. </post></title><reporterVolume><dependentPre></dependentPre><dependentPreAlternative></dependentPreAlternative><dependentPostAlternative></dependentPostAlternative><singular></singular><plural></plural><pre></pre><post> </post></reporterVolume><reporter><dependentPre></dependentPre><dependentPreAlternative></dependentPreAlternative><dependentPostAlternative></dependentPostAlternative><singular></singular><plural></plural><pre></pre><post>. </post></reporter><court><dependentPre></dependentPre><dependentPreAlternative></dependentPreAlternative><dependentPostAlternative></dependentPostAlternative><singular></singular><plural></plural><pre></pre><post> </post></court><caseDecidedYear><dependentPre></dependentPre><dependentPreAlternative></dependentPreAlternative><dependentPostAlternative></dependentPostAlternative><singular></singular><plural></plural><pre></pre><post></post></caseDecidedYear><ultimate>.</ultimate></resource><resource name="bill"><title><dependentPre></dependentPre><dependentPreAlternative></dependentPreAlternative><dependentPostAlternative></dependentPostAlternative><singular></singular><plural></plural><pre>[u]</pre><post>[/u]. </post></title><legislativeBody><dependentPre></dependentPre><dependentPreAlternative></dependentPreAlternative><dependentPostAlternative></dependentPostAlternative><singular></singular><plural></plural><pre></pre><post>. </post></legislativeBody><session><dependentPre></dependentPre><dependentPreAlternative></dependentPreAlternative><dependentPostAlternative></dependentPostAlternative><singular></singular><plural></plural><pre></pre><post>. </post></session><publisherLocation><dependentPre></dependentPre><dependentPreAlternative></dependentPreAlternative><dependentPostAlternative></dependentPostAlternative><singular></singular><plural></plural><pre></pre><post>: </post></publisherLocation><number><dependentPre></dependentPre><dependentPreAlternative></dependentPreAlternative><dependentPostAlternative></dependentPostAlternative><singular></singular><plural></plural><pre></pre><post>. </post></number><sessionYear><dependentPre></dependentPre><dependentPost>: </dependentPost><dependentPreAlternative></dependentPreAlternative><dependentPostAlternative></dependentPostAlternative><singular></singular><plural></plural><pre></pre><post>__DEPENDENT_ON_NEXT_FIELD__</post></sessionYear><pages><dependentPre></dependentPre><dependentPreAlternative></dependentPreAlternative><dependentPostAlternative></dependentPostAlternative><singular></singular><plural></plural><pre></pre><post></post></pages><ultimate>.</ultimate></resource><resource name="patent"><fallbackstyle>genericMisc</fallbackstyle></resource><resource name="personal"><fallbackstyle>genericBook</fallbackstyle></resource><resource name="unpublished"><fallbackstyle>genericBook</fallbackstyle></resource><resource name="classical"><fallbackstyle>genericBook</fallbackstyle></resource><resource name="manuscript"><author><dependentPre></dependentPre><dependentPreAlternative></dependentPreAlternative><dependentPostAlternative></dependentPostAlternative><singular></singular><plural></plural><pre></pre><post>. </post></author><title><dependentPre></dependentPre><dependentPreAlternative></dependentPreAlternative><dependentPostAlternative></dependentPostAlternative><singular></singular><plural></plural><pre>[u]</pre><post>[/u]. </post></title><type><dependentPre></dependentPre><dependentPreAlternative></dependentPreAlternative><dependentPostAlternative></dependentPostAlternative><singular></singular><plural></plural><pre></pre><post>. </post></type><number><dependentPre></dependentPre><dependentPreAlternative></dependentPreAlternative><dependentPostAlternative></dependentPostAlternative><singular></singular><plural></plural><pre></pre><post>. </post></number><collection><dependentPre></dependentPre><dependentPreAlternative></dependentPreAlternative><dependentPostAlternative></dependentPostAlternative><singular></singular><plural></plural><pre></pre><post>. </post></collection><issueYear><dependentPre></dependentPre><dependentPreAlternative></dependentPreAlternative><dependentPostAlternative></dependentPostAlternative><singular></singular><plural></plural><pre></pre><post>.</post></issueYear></resource><resource name="map"><title><dependentPre></dependentPre><dependentPreAlternative></dependentPreAlternative><dependentPostAlternative></dependentPostAlternative><singular></singular><plural></plural><pre>[u]</pre><post>[/u]. </post></title><type><dependentPre></dependentPre><dependentPreAlternative></dependentPreAlternative><dependentPostAlternative></dependentPostAlternative><singular></singular><plural></plural><pre></pre><post>. </post></type><publisherLocation><dependentPre></dependentPre><dependentPreAlternative></dependentPreAlternative><dependentPostAlternative></dependentPostAlternative><singular></singular><plural></plural><pre></pre><post>: </post></publisherLocation><publisherName><dependentPre></dependentPre><dependentPreAlternative></dependentPreAlternative><dependentPostAlternative></dependentPostAlternative><singular></singular><plural></plural><pre></pre><post>, </post></publisherName><publicationYear><dependentPre></dependentPre><dependentPreAlternative></dependentPreAlternative><dependentPostAlternative></dependentPostAlternative><singular></singular><plural></plural><pre></pre><post></post></publicationYear><ultimate>.</ultimate></resource><resource name="chart"><fallbackstyle>genericBook</fallbackstyle></resource><resource name="miscellaneous"><fallbackstyle>genericBook</fallbackstyle></resource></bibliography></style>