<?xml version="1.0" encoding="utf-8"?><style xml:lang="en"><info><name>CHICAGO</name><description>Chicago</description><language>English</language><osbibVersion>2.0</osbibVersion></info><citation><creatorStyle>3</creatorStyle><creatorOtherStyle>0</creatorOtherStyle><creatorInitials>0</creatorInitials><creatorFirstName>0</creatorFirstName><twoCreatorsSep> and </twoCreatorsSep><creatorSepFirstBetween>, </creatorSepFirstBetween><creatorListSubsequentAbbreviation> et al.</creatorListSubsequentAbbreviation><creatorSepNextBetween>, </creatorSepNextBetween><creatorSepNextLast>, and </creatorSepNextLast><creatorList>1</creatorList><creatorListMore>4</creatorListMore><creatorListLimit>1</creatorListLimit><creatorListAbbreviation> et al.</creatorListAbbreviation><creatorListSubsequent>1</creatorListSubsequent><creatorListSubsequentMore>4</creatorListSubsequentMore><creatorListSubsequentLimit>1</creatorListSubsequentLimit><consecutiveCreator>1</consecutiveCreator><consecutiveCreatorSep>, </consecutiveCreatorSep><template>(|creator|% %year|)</template><consecutiveCitationSep>; </consecutiveCitationSep><yearFormat>0</yearFormat><pageFormat>0</pageFormat><ambiguousMore>on</ambiguousMore><ibid>Ibid.</ibid><idem></idem><opCit></opCit><ambiguousNameFormat>0</ambiguousNameFormat><ambiguousYearFormat>0</ambiguousYearFormat><footnotePagePosition>1</footnotePagePosition><footnotePageTemplate></footnotePageTemplate><ibidPage>on</ibidPage><footnoteStyle>0</footnoteStyle></citation><bibliography><common><titleCapitalization>0</titleCapitalization><primaryCreatorFirstStyle>1</primaryCreatorFirstStyle><primaryCreatorOtherStyle>0</primaryCreatorOtherStyle><primaryCreatorInitials>0</primaryCreatorInitials><primaryCreatorFirstName>0</primaryCreatorFirstName><otherCreatorFirstStyle>0</otherCreatorFirstStyle><otherCreatorOtherStyle>0</otherCreatorOtherStyle><otherCreatorInitials>0</otherCreatorInitials><dayFormat>0</dayFormat><otherCreatorFirstName>1</otherCreatorFirstName><primaryCreatorList>0</primaryCreatorList><otherCreatorList>0</otherCreatorList><monthFormat>1</monthFormat><editionFormat>1</editionFormat><primaryCreatorListMore></primaryCreatorListMore><primaryCreatorListLimit></primaryCreatorListLimit><dateFormat>1</dateFormat><primaryCreatorListAbbreviation></primaryCreatorListAbbreviation><otherCreatorListMore></otherCreatorListMore><runningTimeFormat>1</runningTimeFormat><primaryCreatorRepeatString>___</primaryCreatorRepeatString><primaryCreatorRepeat>2</primaryCreatorRepeat><otherCreatorListLimit></otherCreatorListLimit><otherCreatorListAbbreviation></otherCreatorListAbbreviation><pageFormat>2</pageFormat><editorSwitch>0</editorSwitch><editorSwitchIfYes></editorSwitchIfYes><primaryCreatorSepFirstBetween>, </primaryCreatorSepFirstBetween><primaryCreatorSepNextBetween>, </primaryCreatorSepNextBetween><primaryCreatorSepNextLast>, and </primaryCreatorSepNextLast><otherCreatorSepFirstBetween>, </otherCreatorSepFirstBetween><otherCreatorSepNextBetween>, </otherCreatorSepNextBetween><otherCreatorSepNextLast> and </otherCreatorSepNextLast><primaryTwoCreatorsSep> and </primaryTwoCreatorsSep><otherTwoCreatorsSep> and </otherTwoCreatorsSep><userMonth_1></userMonth_1><userMonth_2></userMonth_2><userMonth_3></userMonth_3><userMonth_4></userMonth_4><userMonth_5></userMonth_5><userMonth_6></userMonth_6><userMonth_7></userMonth_7><userMonth_8></userMonth_8><userMonth_9></userMonth_9><userMonth_10></userMonth_10><userMonth_11></userMonth_11><userMonth_12></userMonth_12><dateRangeDelimit1>-</dateRangeDelimit1><dateRangeDelimit2>-</dateRangeDelimit2><dateRangeSameMonth>1</dateRangeSameMonth></common><resource name="genericBook"><creator><dependentPre></dependentPre><dependentPreAlternative></dependentPreAlternative><dependentPostAlternative></dependentPostAlternative><singular></singular><plural></plural><pre></pre><post>. </post></creator><publicationYear><dependentPre></dependentPre><dependentPreAlternative></dependentPreAlternative><dependentPostAlternative></dependentPostAlternative><singular></singular><plural></plural><pre></pre><post>. </post></publicationYear><title><dependentPre></dependentPre><dependentPreAlternative></dependentPreAlternative><dependentPostAlternative></dependentPostAlternative><singular></singular><plural></plural><pre>[i]</pre><post>[/i]. </post></title><editor><dependentPre></dependentPre><dependentPreAlternative></dependentPreAlternative><dependentPostAlternative></dependentPostAlternative><singular></singular><plural></plural><pre>Edited by </pre><post>. </post></editor><publisherLocation><dependentPre></dependentPre><dependentPost>:</dependentPost><dependentPreAlternative></dependentPreAlternative><dependentPostAlternative>.</dependentPostAlternative><singular></singular><plural></plural><pre></pre><post>__DEPENDENT_ON_NEXT_FIELD__ </post></publisherLocation><publisherName><dependentPre></dependentPre><dependentPreAlternative></dependentPreAlternative><dependentPostAlternative></dependentPostAlternative><singular></singular><plural></plural><pre></pre><post></post></publisherName><ultimate>.</ultimate></resource><resource name="genericArticle"><creator><dependentPre></dependentPre><dependentPreAlternative></dependentPreAlternative><dependentPostAlternative></dependentPostAlternative><singular></singular><plural></plural><pre></pre><post>. </post></creator><publicationYear><dependentPre></dependentPre><dependentPreAlternative></dependentPreAlternative><dependentPostAlternative></dependentPostAlternative><singular></singular><plural></plural><pre></pre><post>. </post></publicationYear><title><dependentPre></dependentPre><dependentPreAlternative></dependentPreAlternative><dependentPostAlternative></dependentPostAlternative><singular></singular><plural></plural><pre></pre><post>. </post></title><editor><dependentPre></dependentPre><dependentPreAlternative></dependentPreAlternative><dependentPostAlternative></dependentPostAlternative><singular></singular><plural></plural><pre>Edited by </pre><post>. </post></editor><collection><dependentPre></dependentPre><dependentPreAlternative></dependentPreAlternative><dependentPostAlternative></dependentPostAlternative><singular></singular><plural></plural><pre>In [i]</pre><post>[/i], </post></collection><publisherLocation><dependentPre></dependentPre><dependentPost>:</dependentPost><dependentPreAlternative></dependentPreAlternative><dependentPostAlternative>.</dependentPostAlternative><singular></singular><plural></plural><pre></pre><post>__DEPENDENT_ON_NEXT_FIELD__ </post></publisherLocation><publisherName><dependentPre></dependentPre><dependentPreAlternative></dependentPreAlternative><dependentPostAlternative></dependentPostAlternative><singular></singular><plural></plural><pre></pre><post></post></publisherName><date><dependentPre></dependentPre><dependentPreAlternative></dependentPreAlternative><dependentPostAlternative></dependentPostAlternative><singular></singular><plural></plural><pre>, </pre><post></post></date><pages><dependentPre></dependentPre><dependentPreAlternative></dependentPreAlternative><dependentPostAlternative></dependentPostAlternative><singular></singular><plural></plural><pre>, </pre><post>.</post></pages></resource><resource name="genericMisc"><creator><dependentPre></dependentPre><dependentPreAlternative></dependentPreAlternative><dependentPostAlternative></dependentPostAlternative><singular></singular><plural></plural><pre></pre><post>. </post></creator><publicationYear><dependentPre></dependentPre><dependentPreAlternative></dependentPreAlternative><dependentPostAlternative></dependentPostAlternative><singular></singular><plural></plural><pre></pre><post>. </post></publicationYear><title><dependentPre></dependentPre><dependentPreAlternative></dependentPreAlternative><dependentPostAlternative></dependentPostAlternative><singular></singular><plural></plural><pre>[i]</pre><post>[/i]. </post></title><publisherLocation><dependentPre></dependentPre><dependentPost>:</dependentPost><dependentPreAlternative></dependentPreAlternative><dependentPostAlternative>.</dependentPostAlternative><singular></singular><plural></plural><pre></pre><post>__DEPENDENT_ON_NEXT_FIELD__ </post></publisherLocation><publisherName><dependentPre></dependentPre><dependentPreAlternative></dependentPreAlternative><dependentPostAlternative></dependentPostAlternative><singular></singular><plural></plural><pre></pre><post></post></publisherName><date><dependentPre></dependentPre><dependentPreAlternative></dependentPreAlternative><dependentPostAlternative></dependentPostAlternative><singular></singular><plural></plural><pre>, </pre><post></post></date><ultimate>.</ultimate></resource><resource name="book"><author><dependentPre></dependentPre><dependentPreAlternative></dependentPreAlternative><dependentPostAlternative></dependentPostAlternative><singular></singular><plural></plural><pre></pre><post>. </post></author><publicationYear><dependentPre></dependentPre><dependentPreAlternative></dependentPreAlternative><dependentPostAlternative></dependentPostAlternative><singular></singular><plural></plural><pre></pre><post>. </post></publicationYear><title><dependentPre></dependentPre><dependentPreAlternative></dependentPreAlternative><dependentPostAlternative></dependentPostAlternative><singular></singular><plural></plural><pre>[i]</pre><post>[/i]. </post></title><editor><dependentPre></dependentPre><dependentPreAlternative></dependentPreAlternative><dependentPostAlternative></dependentPostAlternative><singular></singular><plural></plural><pre>Edited by </pre><post>. </post></editor><translator><dependentPre></dependentPre><dependentPreAlternative></dependentPreAlternative><dependentPostAlternative></dependentPostAlternative><singular></singular><plural></plural><pre>Translated by </pre><post>. </post></translator><edition><dependentPre></dependentPre><dependentPreAlternative></dependentPreAlternative><dependentPostAlternative></dependentPostAlternative><singular></singular><plural></plural><pre></pre><post> ed. </post></edition><numberOfVolumes><dependentPre></dependentPre><dependentPreAlternative></dependentPreAlternative><dependentPostAlternative></dependentPostAlternative><singular></singular><plural></plural><pre></pre><post> vols. </post></numberOfVolumes><volumeNumber><dependentPre></dependentPre><dependentPreAlternative></dependentPreAlternative><dependentPostAlternative></dependentPostAlternative><singular></singular><plural></plural><pre>Vol. </pre><post>, </post></volumeNumber><seriesTitle><dependentPre></dependentPre><dependentPreAlternative></dependentPreAlternative><dependentPostAlternative></dependentPostAlternative><singular></singular><plural></plural><pre>[i]</pre><post>[/i]. </post></seriesTitle><publisherLocation><dependentPre></dependentPre><dependentPost>:</dependentPost><dependentPreAlternative></dependentPreAlternative><dependentPostAlternative>.</dependentPostAlternative><singular></singular><plural></plural><pre></pre><post>__DEPENDENT_ON_NEXT_FIELD__ </post></publisherLocation><publisherName><dependentPre></dependentPre><dependentPreAlternative></dependentPreAlternative><dependentPostAlternative></dependentPostAlternative><singular></singular><plural></plural><pre></pre><post>. </post></publisherName><originalPublicationYear><dependentPre></dependentPre><dependentPreAlternative></dependentPreAlternative><dependentPostAlternative></dependentPostAlternative><singular></singular><plural></plural><pre>Original `edition`, </pre><post></post></originalPublicationYear><ultimate>.</ultimate></resource><resource name="book_article"><author><dependentPre></dependentPre><dependentPreAlternative></dependentPreAlternative><dependentPostAlternative></dependentPostAlternative><singular></singular><plural></plural><pre></pre><post>. </post></author><publicationYear><dependentPre></dependentPre><dependentPreAlternative></dependentPreAlternative><dependentPostAlternative></dependentPostAlternative><singular></singular><plural></plural><pre></pre><post>. </post></publicationYear><title><dependentPre></dependentPre><dependentPreAlternative></dependentPreAlternative><dependentPostAlternative></dependentPostAlternative><singular></singular><plural></plural><pre></pre><post>. </post></title><editor><dependentPre></dependentPre><dependentPreAlternative></dependentPreAlternative><dependentPostAlternative></dependentPostAlternative><singular></singular><plural></plural><pre>Edited by </pre><post>. </post></editor><book><dependentPre></dependentPre><dependentPreAlternative></dependentPreAlternative><dependentPostAlternative></dependentPostAlternative><singular></singular><plural></plural><pre>In [i]</pre><post>[/i], </post></book><publisherLocation><dependentPre></dependentPre><dependentPost>:</dependentPost><dependentPreAlternative></dependentPreAlternative><dependentPostAlternative>.</dependentPostAlternative><singular></singular><plural></plural><pre> </pre><post>__DEPENDENT_ON_NEXT_FIELD__ </post></publisherLocation><publisherName><dependentPre></dependentPre><dependentPreAlternative></dependentPreAlternative><dependentPostAlternative></dependentPostAlternative><singular></singular><plural></plural><pre></pre><post>. </post></publisherName><originalPublicationYear><dependentPre></dependentPre><dependentPreAlternative></dependentPreAlternative><dependentPostAlternative></dependentPostAlternative><singular></singular><plural></plural><pre>Original `edition`, </pre><post></post></originalPublicationYear><ultimate>.</ultimate></resource><resource name="journal_article"><author><dependentPre></dependentPre><dependentPreAlternative></dependentPreAlternative><dependentPostAlternative></dependentPostAlternative><singular></singular><plural></plural><pre></pre><post>. </post></author><publicationYear><dependentPre></dependentPre><dependentPreAlternative></dependentPreAlternative><dependentPostAlternative></dependentPostAlternative><singular></singular><plural></plural><pre></pre><post>. </post></publicationYear><title><dependentPre></dependentPre><dependentPreAlternative></dependentPreAlternative><dependentPostAlternative></dependentPostAlternative><singular></singular><plural></plural><pre></pre><post>. </post></title><journal><dependentPre></dependentPre><dependentPreAlternative></dependentPreAlternative><dependentPostAlternative></dependentPostAlternative><singular></singular><plural></plural><pre>[i]</pre><post>[/i] </post></journal><volume><dependentPre></dependentPre><dependentPreAlternative></dependentPreAlternative><dependentPostAlternative></dependentPostAlternative><singular></singular><plural></plural><pre></pre><post> </post></volume><issue><dependentPre></dependentPre><dependentPreAlternative></dependentPreAlternative><dependentPostAlternative></dependentPostAlternative><singular></singular><plural></plural><pre>(</pre><post>):</post></issue><pages><dependentPre></dependentPre><dependentPreAlternative></dependentPreAlternative><dependentPostAlternative></dependentPostAlternative><singular></singular><plural></plural><pre></pre><post></post></pages><ultimate>.</ultimate></resource><resource name="newspaper_article"><author><dependentPre></dependentPre><dependentPreAlternative></dependentPreAlternative><dependentPostAlternative></dependentPostAlternative><singular></singular><plural></plural><pre></pre><post>. </post></author><issueYear><dependentPre></dependentPre><dependentPreAlternative></dependentPreAlternative><dependentPostAlternative></dependentPostAlternative><singular></singular><plural></plural><pre></pre><post>. </post></issueYear><title><dependentPre></dependentPre><dependentPreAlternative></dependentPreAlternative><dependentPostAlternative></dependentPostAlternative><singular></singular><plural></plural><pre></pre><post>. </post></title><newspaper><dependentPre></dependentPre><dependentPreAlternative></dependentPreAlternative><dependentPostAlternative></dependentPostAlternative><singular></singular><plural></plural><pre>[i]</pre><post>[/i]</post></newspaper><issueDate><dependentPre></dependentPre><dependentPreAlternative></dependentPreAlternative><dependentPostAlternative></dependentPostAlternative><singular></singular><plural></plural><pre></pre><post>, </post></issueDate><pages><dependentPre></dependentPre><dependentPreAlternative></dependentPreAlternative><dependentPostAlternative></dependentPostAlternative><singular></singular><plural></plural><pre></pre><post></post></pages><ultimate>.</ultimate><independent><independent_4>, </independent_4><independent_5></independent_5></independent></resource><resource name="magazine_article"><author><dependentPre></dependentPre><dependentPreAlternative></dependentPreAlternative><dependentPostAlternative></dependentPostAlternative><singular></singular><plural></plural><pre></pre><post>. </post></author><issueYear><dependentPre></dependentPre><dependentPreAlternative></dependentPreAlternative><dependentPostAlternative></dependentPostAlternative><singular></singular><plural></plural><pre></pre><post>. </post></issueYear><title><dependentPre></dependentPre><dependentPreAlternative></dependentPreAlternative><dependentPostAlternative></dependentPostAlternative><singular></singular><plural></plural><pre></pre><post>. </post></title><magazine><dependentPre></dependentPre><dependentPreAlternative></dependentPreAlternative><dependentPostAlternative></dependentPostAlternative><singular></singular><plural></plural><pre>[i]</pre><post>[/i]</post></magazine><issueDate><dependentPre></dependentPre><dependentPreAlternative></dependentPreAlternative><dependentPostAlternative></dependentPostAlternative><singular></singular><plural></plural><pre></pre><post>, </post></issueDate><pages><dependentPre></dependentPre><dependentPreAlternative></dependentPreAlternative><dependentPostAlternative></dependentPostAlternative><singular></singular><plural></plural><pre></pre><post></post></pages><ultimate>.</ultimate><independent><independent_4>, </independent_4><independent_5></independent_5></independent></resource><resource name="proceedings"><title><dependentPre></dependentPre><dependentPreAlternative></dependentPreAlternative><dependentPostAlternative></dependentPostAlternative><singular></singular><plural></plural><pre></pre><post>. </post></title><publicationYear><dependentPre></dependentPre><dependentPreAlternative></dependentPreAlternative><dependentPostAlternative></dependentPostAlternative><singular></singular><plural></plural><pre></pre><post>. </post></publicationYear><conferenceOrganiser><dependentPre></dependentPre><dependentPreAlternative></dependentPreAlternative><dependentPostAlternative></dependentPostAlternative><singular></singular><plural></plural><pre></pre><post></post></conferenceOrganiser><conferenceLocation><dependentPre>, </dependentPre><dependentPreAlternative></dependentPreAlternative><dependentPostAlternative></dependentPostAlternative><singular></singular><plural></plural><pre>__DEPENDENT_ON_PREVIOUS_FIELD__</pre><post></post></conferenceLocation><conferenceDate><dependentPre></dependentPre><dependentPreAlternative></dependentPreAlternative><dependentPostAlternative></dependentPostAlternative><singular></singular><plural></plural><pre></pre><post></post></conferenceDate><conferenceYear><dependentPre></dependentPre><dependentPreAlternative></dependentPreAlternative><dependentPostAlternative></dependentPostAlternative><singular></singular><plural></plural><pre> </pre><post></post></conferenceYear><ultimate>.</ultimate><independent><independent_2></independent_2><independent_3>%, %%</independent_3></independent></resource><resource name="conference_paper"><fallbackstyle>genericBook</fallbackstyle></resource><resource name="proceedings_article"><author><dependentPre></dependentPre><dependentPreAlternative></dependentPreAlternative><dependentPostAlternative></dependentPostAlternative><singular></singular><plural></plural><pre></pre><post>. </post></author><conferenceYear><dependentPre></dependentPre><dependentPreAlternative></dependentPreAlternative><dependentPostAlternative></dependentPostAlternative><singular></singular><plural></plural><pre></pre><post>. </post></conferenceYear><title><dependentPre></dependentPre><dependentPreAlternative></dependentPreAlternative><dependentPostAlternative></dependentPostAlternative><singular></singular><plural></plural><pre></pre><post>. </post></title><conference><dependentPre></dependentPre><dependentPreAlternative></dependentPreAlternative><dependentPostAlternative></dependentPostAlternative><singular></singular><plural></plural><pre>Paper read at </pre><post></post></conference><conferenceDate><dependentPre>, </dependentPre><dependentPreAlternative></dependentPreAlternative><dependentPostAlternative></dependentPostAlternative><singular></singular><plural></plural><pre>__DEPENDENT_ON_PREVIOUS_FIELD__</pre><post></post></conferenceDate><conferenceLocation><dependentPre>, </dependentPre><dependentPreAlternative></dependentPreAlternative><dependentPostAlternative></dependentPostAlternative><singular></singular><plural></plural><pre>__DEPENDENT_ON_PREVIOUS_FIELD__at </pre><post></post></conferenceLocation><ultimate>.</ultimate></resource><resource name="thesis"><author><dependentPre></dependentPre><dependentPreAlternative></dependentPreAlternative><dependentPostAlternative></dependentPostAlternative><singular></singular><plural></plural><pre></pre><post>. </post></author><awardYear><dependentPre></dependentPre><dependentPreAlternative></dependentPreAlternative><dependentPostAlternative></dependentPostAlternative><singular></singular><plural></plural><pre></pre><post>. </post></awardYear><title><dependentPre></dependentPre><dependentPreAlternative></dependentPreAlternative><dependentPostAlternative></dependentPostAlternative><singular></singular><plural></plural><pre></pre><post>. </post></title><type><dependentPre></dependentPre><dependentPreAlternative></dependentPreAlternative><dependentPostAlternative></dependentPostAlternative><singular></singular><plural></plural><pre></pre><post></post></type><label><dependentPre></dependentPre><dependentPreAlternative></dependentPreAlternative><dependentPostAlternative></dependentPostAlternative><singular></singular><plural></plural><pre> </pre><post></post></label><department><dependentPre></dependentPre><dependentPreAlternative></dependentPreAlternative><dependentPostAlternative></dependentPostAlternative><singular></singular><plural></plural><pre>, </pre><post></post></department><institution><dependentPre></dependentPre><dependentPreAlternative></dependentPreAlternative><dependentPostAlternative></dependentPostAlternative><singular></singular><plural></plural><pre>, </pre><post></post></institution><institutionLocation><dependentPre></dependentPre><dependentPreAlternative></dependentPreAlternative><dependentPostAlternative></dependentPostAlternative><singular></singular><plural></plural><pre>, </pre><post></post></institutionLocation><ultimate>.</ultimate></resource><resource name="web_article"><author><dependentPre></dependentPre><dependentPreAlternative></dependentPreAlternative><dependentPostAlternative></dependentPostAlternative><singular></singular><plural></plural><pre></pre><post>. </post></author><publicationYear><dependentPre></dependentPre><dependentPreAlternative></dependentPreAlternative><dependentPostAlternative></dependentPostAlternative><singular></singular><plural></plural><pre></pre><post>. </post></publicationYear><title><dependentPre></dependentPre><dependentPreAlternative></dependentPreAlternative><dependentPostAlternative></dependentPostAlternative><singular></singular><plural></plural><pre>[i]</pre><post>[/i]. </post></title><journal><dependentPre></dependentPre><dependentPreAlternative></dependentPreAlternative><dependentPostAlternative></dependentPostAlternative><singular></singular><plural></plural><pre>[i]</pre><post>[/i] </post></journal><volume><dependentPre></dependentPre><dependentPreAlternative></dependentPreAlternative><dependentPostAlternative></dependentPostAlternative><singular></singular><plural></plural><pre></pre><post> </post></volume><issue><dependentPre></dependentPre><dependentPreAlternative></dependentPreAlternative><dependentPostAlternative></dependentPostAlternative><singular></singular><plural></plural><pre>(</pre><post>). </post></issue><accessDate><dependentPre></dependentPre><dependentPreAlternative></dependentPreAlternative><dependentPostAlternative></dependentPostAlternative><singular></singular><plural></plural><pre>cited </pre><post> </post></accessDate><accessYear><dependentPre></dependentPre><dependentPreAlternative></dependentPreAlternative><dependentPostAlternative></dependentPostAlternative><singular></singular><plural></plural><pre></pre><post></post></accessYear><URL><dependentPre></dependentPre><dependentPreAlternative></dependentPreAlternative><dependentPostAlternative></dependentPostAlternative><singular></singular><plural></plural><pre>Available from </pre><post></post></URL><ultimate>.</ultimate><independent><independent_6>[</independent_6><independent_7>]. </independent_7></independent></resource><resource name="film"><fallbackstyle>genericBook</fallbackstyle></resource><resource name="broadcast"><fallbackstyle>genericBook</fallbackstyle></resource><resource name="music_album"><fallbackstyle>genericBook</fallbackstyle></resource><resource name="music_track"><fallbackstyle>genericArticle</fallbackstyle></resource><resource name="music_score"><fallbackstyle>genericBook</fallbackstyle></resource><resource name="artwork"><fallbackstyle>genericBook</fallbackstyle></resource><resource name="software"><title><dependentPre></dependentPre><dependentPreAlternative></dependentPreAlternative><dependentPostAlternative></dependentPostAlternative><singular></singular><plural></plural><pre></pre><post> [Computer program]. </post></title><version><dependentPre></dependentPre><dependentPreAlternative></dependentPreAlternative><dependentPostAlternative></dependentPostAlternative><singular></singular><plural></plural><pre>version </pre><post>. </post></version><publisherLocation><dependentPre></dependentPre><dependentPreAlternative></dependentPreAlternative><dependentPostAlternative></dependentPostAlternative><singular></singular><plural></plural><pre></pre><post>: </post></publisherLocation><publisherName><dependentPre></dependentPre><dependentPreAlternative></dependentPreAlternative><dependentPostAlternative></dependentPostAlternative><singular></singular><plural></plural><pre></pre><post></post></publisherName><publicationYear><dependentPre>, </dependentPre><dependentPreAlternative></dependentPreAlternative><dependentPostAlternative></dependentPostAlternative><singular></singular><plural></plural><pre>__DEPENDENT_ON_PREVIOUS_FIELD__</pre><post></post></publicationYear><ultimate>.</ultimate></resource><resource name="audiovisual"><author><dependentPre></dependentPre><dependentPreAlternative></dependentPreAlternative><dependentPostAlternative></dependentPostAlternative><singular></singular><plural></plural><pre></pre><post>. </post></author><publicationYear><dependentPre></dependentPre><dependentPreAlternative></dependentPreAlternative><dependentPostAlternative></dependentPostAlternative><singular></singular><plural></plural><pre></pre><post>. </post></publicationYear><title><dependentPre></dependentPre><dependentPreAlternative></dependentPreAlternative><dependentPostAlternative></dependentPostAlternative><singular></singular><plural></plural><pre>[i]</pre><post>[/i]. </post></title><publisherLocation><dependentPre></dependentPre><dependentPost>:</dependentPost><dependentPreAlternative></dependentPreAlternative><dependentPostAlternative>.</dependentPostAlternative><singular></singular><plural></plural><pre></pre><post>__DEPENDENT_ON_NEXT_FIELD__ </post></publisherLocation><publisherName><dependentPre></dependentPre><dependentPreAlternative></dependentPreAlternative><dependentPostAlternative></dependentPostAlternative><singular></singular><plural></plural><pre></pre><post>. </post></publisherName><medium><dependentPre></dependentPre><dependentPreAlternative></dependentPreAlternative><dependentPostAlternative></dependentPostAlternative><singular></singular><plural></plural><pre></pre><post></post></medium><ultimate>.</ultimate></resource><resource name="database"><fallbackstyle>genericBook</fallbackstyle></resource><resource name="government_report"><fallbackstyle>genericMisc</fallbackstyle></resource><resource name="report"><fallbackstyle>genericMisc</fallbackstyle></resource><resource name="hearing"><legislativeBody><dependentPre></dependentPre><dependentPreAlternative></dependentPreAlternative><dependentPostAlternative></dependentPostAlternative><singular></singular><plural></plural><pre></pre><post>. </post></legislativeBody><hearingYear><dependentPre></dependentPre><dependentPreAlternative></dependentPreAlternative><dependentPostAlternative></dependentPostAlternative><singular></singular><plural></plural><pre></pre><post>. </post></hearingYear><committee><dependentPre></dependentPre><dependentPreAlternative></dependentPreAlternative><dependentPostAlternative></dependentPostAlternative><singular></singular><plural></plural><pre></pre><post>. </post></committee><title><dependentPre></dependentPre><dependentPreAlternative></dependentPreAlternative><dependentPostAlternative></dependentPostAlternative><singular></singular><plural></plural><pre>[i]</pre><post>[/i]. </post></title><session><dependentPre></dependentPre><dependentPreAlternative></dependentPreAlternative><dependentPostAlternative></dependentPostAlternative><singular></singular><plural></plural><pre></pre><post>. </post></session><hearingDate><dependentPre></dependentPre><dependentPreAlternative></dependentPreAlternative><dependentPostAlternative></dependentPostAlternative><singular></singular><plural></plural><pre> </pre><post></post></hearingDate><ultimate>.</ultimate></resource><resource name="statute"><title><dependentPre></dependentPre><dependentPreAlternative></dependentPreAlternative><dependentPostAlternative></dependentPostAlternative><singular></singular><plural></plural><pre>[i]</pre><post>[/i]. </post></title><publicLawNumber><dependentPre></dependentPre><dependentPreAlternative></dependentPreAlternative><dependentPostAlternative></dependentPostAlternative><singular></singular><plural></plural><pre></pre><post>. </post></publicLawNumber><session><dependentPre></dependentPre><dependentPreAlternative></dependentPreAlternative><dependentPostAlternative></dependentPostAlternative><singular></singular><plural></plural><pre></pre><post>, </post></session><statuteDate><dependentPre></dependentPre><dependentPreAlternative></dependentPreAlternative><dependentPostAlternative></dependentPostAlternative><singular></singular><plural></plural><pre></pre><post></post></statuteDate><statuteYear><dependentPre></dependentPre><dependentPreAlternative></dependentPreAlternative><dependentPostAlternative></dependentPostAlternative><singular></singular><plural></plural><pre>, </pre><post></post></statuteYear><ultimate>.</ultimate></resource><resource name="legal_ruling"><fallbackstyle>genericMisc</fallbackstyle></resource><resource name="case"><fallbackstyle>genericMisc</fallbackstyle></resource><resource name="bill"><legislativeBody><dependentPre></dependentPre><dependentPreAlternative></dependentPreAlternative><dependentPostAlternative></dependentPostAlternative><singular></singular><plural></plural><pre></pre><post>. </post></legislativeBody><sessionYear><dependentPre></dependentPre><dependentPreAlternative></dependentPreAlternative><dependentPostAlternative></dependentPostAlternative><singular></singular><plural></plural><pre></pre><post>. </post></sessionYear><title><dependentPre></dependentPre><dependentPreAlternative></dependentPreAlternative><dependentPostAlternative></dependentPostAlternative><singular></singular><plural></plural><pre>[i]</pre><post>[/i]. </post></title><session><dependentPre></dependentPre><dependentPreAlternative></dependentPreAlternative><dependentPostAlternative></dependentPostAlternative><singular></singular><plural></plural><pre></pre><post>, </post></session><number><dependentPre></dependentPre><dependentPreAlternative></dependentPreAlternative><dependentPostAlternative></dependentPostAlternative><singular></singular><plural></plural><pre> </pre><post></post></number><ultimate>.</ultimate></resource><resource name="patent"><fallbackstyle>genericMisc</fallbackstyle></resource><resource name="personal"><author><dependentPre></dependentPre><dependentPreAlternative></dependentPreAlternative><dependentPostAlternative></dependentPostAlternative><singular></singular><plural></plural><pre></pre><post></post></author><year><dependentPre></dependentPre><dependentPreAlternative></dependentPreAlternative><dependentPostAlternative></dependentPostAlternative><singular></singular><plural></plural><pre>. </pre><post></post></year><title><dependentPre></dependentPre><dependentPreAlternative></dependentPreAlternative><dependentPostAlternative></dependentPostAlternative><singular></singular><plural></plural><pre>. </pre><post></post></title><date><dependentPre></dependentPre><dependentPreAlternative></dependentPreAlternative><dependentPostAlternative></dependentPostAlternative><singular></singular><plural></plural><pre>. </pre><post></post></date><ultimate>.</ultimate></resource><resource name="unpublished"><fallbackstyle>genericBook</fallbackstyle></resource><resource name="classical"><fallbackstyle>genericBook</fallbackstyle></resource><resource name="manuscript"><fallbackstyle>genericArticle</fallbackstyle></resource><resource name="map"><fallbackstyle>genericBook</fallbackstyle></resource><resource name="chart"><fallbackstyle>genericBook</fallbackstyle></resource><resource name="miscellaneous"><fallbackstyle>genericBook</fallbackstyle></resource></bibliography></style>